Time UTC+0;Solar Carport [W];Solar Fixed installation [W]; SolarFlatroof [W];Solar Single panel [W];Solar Tracker [W];Solar Wall (south) [W];Solar Wall (west) [W];LUT Electricity Consumption [W];
2016-01-01 00:00:00;317.00;-1715.00;-6548.00;31.00;-950.00;2990.00;3837.00;0;
2016-01-01 08:00:00;67336.00;-1096.00;54833.00;987.00;141456.00;5189.00;87598.00;0;
2016-01-01 16:00:00;0.00;-1796.00;-4784.00;0.00;-1440.00;2464.00;2378.00;0;
2016-01-02 00:00:00;12.00;-1417.00;-4701.00;6.00;-1160.00;2334.00;2473.00;0;
2016-01-02 08:00:00;0.00;0.00;0.00;0.00;0.00;0.00;0.00;0;
2016-01-02 16:00:00;0.00;0.00;0.00;0.00;0.00;0.00;0.00;0;
2016-01-03 00:00:00;0.00;0.00;0.00;0.00;0.00;0.00;0.00;0;
2016-01-03 08:00:00;0.00;0.00;0.00;0.00;0.00;0.00;0.00;0;
2016-01-03 16:00:00;0.00;0.00;0.00;0.00;0.00;0.00;0.00;0;
2016-01-04 00:00:00;0.00;0.00;0.00;0.00;0.00;0.00;0.00;0;
2016-01-04 08:00:00;0.00;0.00;0.00;0.00;0.00;0.00;0.00;0;
2016-01-04 16:00:00;0.00;0.00;0.00;0.00;0.00;0.00;0.00;0;
2016-01-05 00:00:00;0.00;0.00;0.00;0.00;0.00;0.00;0.00;0;
2016-01-05 08:00:00;0.00;0.00;0.00;0.00;0.00;0.00;0.00;0;
2016-01-05 16:00:00;0.00;0.00;0.00;0.00;0.00;0.00;0.00;0;
2016-01-06 00:00:00;0.00;0.00;0.00;0.00;0.00;0.00;0.00;0;
2016-01-06 08:00:00;0.00;0.00;0.00;0.00;0.00;0.00;0.00;0;
2016-01-06 16:00:00;0.00;0.00;0.00;0.00;0.00;0.00;0.00;0;
2016-01-07 00:00:00;0.00;0.00;0.00;0.00;0.00;0.00;0.00;0;
2016-01-07 08:00:00;0.00;0.00;0.00;0.00;0.00;0.00;0.00;0;
2016-01-07 16:00:00;0.00;0.00;0.00;0.00;0.00;0.00;0.00;0;
2016-01-08 00:00:00;0.00;-16.00;-207.00;15.00;6.00;83.00;623.00;0;
2016-01-08 08:00:00;870.00;-772.00;-4477.00;1189.00;116521.00;3740.00;120846.00;0;
2016-01-08 16:00:00;0.00;-1646.00;-3452.00;0.00;-480.00;2178.00;1341.00;0;
2016-01-09 00:00:00;0.00;-1565.00;-5400.00;44.00;-471.00;2872.00;3306.00;0;
2016-01-09 08:00:00;3414.00;-688.00;-8806.00;1219.00;8794.00;4592.00;71913.00;0;
2016-01-09 16:00:00;0.00;-1596.00;-5190.00;0.00;-480.00;2470.00;2718.00;0;
2016-01-10 00:00:00;0.00;-1547.00;-6607.00;44.00;193.00;2862.00;5115.00;0;
2016-01-10 08:00:00;9335.00;-858.00;10294.00;1772.00;214370.00;4370.00;162028.00;0;
2016-01-10 16:00:00;0.00;-1604.00;-3290.00;0.00;-480.00;2243.00;1053.00;0;
2016-01-11 00:00:00;0.00;-1540.00;-4817.00;36.00;-538.00;2730.00;2199.00;0;
2016-01-11 08:00:00;9576.00;-753.00;-2403.00;1815.00;24208.00;4743.00;103396.00;0;
2016-01-11 16:00:00;0.00;-1811.00;-5295.00;0.00;-768.00;2638.00;2610.00;0;
2016-01-12 00:00:00;0.00;-1739.00;-6479.00;19.00;-714.00;3062.00;3417.00;0;
2016-01-12 08:00:00;390.00;-995.00;-10630.00;572.00;9848.00;5443.00;29512.00;0;
2016-01-12 16:00:00;0.00;-1795.00;-4337.00;0.00;-758.00;2701.00;1604.00;0;
2016-01-13 00:00:00;0.00;-1746.00;-5260.00;0.00;-682.00;2913.00;2335.00;0;
2016-01-13 08:00:00;896.00;-772.00;-13566.00;500.00;17783.00;5026.00;40526.00;0;
2016-01-13 16:00:00;0.00;-1753.00;-4169.00;0.00;-722.00;2444.00;1696.00;0;
2016-01-14 00:00:00;0.00;-1715.00;-5969.00;11.00;-704.00;3117.00;3515.00;0;
2016-01-14 08:00:00;1269.00;-807.00;-7477.00;1339.00;71937.00;4739.00;191928.00;0;
2016-01-14 16:00:00;0.00;-1741.00;-3630.00;0.00;-804.00;2356.00;1250.00;0;
2016-01-15 00:00:00;0.00;-1641.00;-4911.00;24.00;-655.00;2713.00;2154.00;0;
2016-01-15 08:00:00;419.00;-931.00;-8434.00;998.00;67729.00;4455.00;174247.00;0;
2016-01-15 16:00:00;0.00;-1738.00;-4962.00;0.00;-768.00;2219.00;2741.00;0;
2016-01-16 00:00:00;0.00;-1720.00;-6851.00;22.00;-654.00;2788.00;5502.00;0;
2016-01-16 08:00:00;349.00;-916.00;-8915.00;1149.00;28539.00;4844.00;194436.00;0;
2016-01-16 16:00:00;0.00;-1722.00;-4339.00;0.00;-955.00;2194.00;2143.00;0;
2016-01-17 00:00:00;0.00;-1685.00;-6530.00;17.00;-853.00;2821.00;4893.00;0;
2016-01-17 08:00:00;228.00;-1012.00;-8940.00;1058.00;-710.00;4714.00;211249.00;0;
2016-01-17 16:00:00;0.00;-1713.00;-3589.00;0.00;-480.00;2167.00;1432.00;0;
2016-01-18 00:00:00;0.00;-1651.00;-4751.00;0.00;-380.00;2511.00;2747.00;0;
2016-01-18 08:00:00;122.00;-1014.00;3061.00;665.00;65759.00;365827.50;205743.50;0;
2016-01-18 16:00:00;0.00;-1719.00;-4144.00;0.00;-958.00;1687.00;2392.00;0;
2016-01-19 00:00:00;0.00;-1684.00;-5768.00;15.00;-859.00;5120.00;5113.00;0;
2016-01-19 08:00:00;111.00;-1192.00;-6920.00;581.00;-795.00;108830.00;101560.00;0;
2016-01-19 16:00:00;0.00;-1724.00;-3069.00;0.00;-480.00;1439.00;1642.00;0;
2016-01-20 00:00:00;0.00;-1687.00;-4320.00;0.00;-437.00;1772.00;2505.00;0;
2016-01-20 08:00:00;190.00;-980.00;14202.00;989.00;46744.00;829455.00;240218.00;0;
2016-01-20 16:00:00;0.00;-1721.00;-2804.00;0.00;-960.00;709.00;2120.00;0;
2016-01-21 00:00:00;0.00;-1678.00;-5286.00;26.00;-840.00;8824.00;5815.00;0;
2016-01-21 08:00:00;158.00;-1027.00;20801.00;1012.00;33975.00;1199450.00;194510.00;0;
2016-01-21 16:00:00;0.00;-1711.00;-2897.00;0.00;-480.00;480.00;2359.00;0;
2016-01-22 00:00:00;0.00;-1714.00;-4409.00;0.00;-218.00;958.00;3394.00;0;
2016-01-22 08:00:00;20.00;-1223.00;26064.00;544.00;57720.00;1524245.00;279174.00;0;
2016-01-22 16:00:00;0.00;-1721.00;-3266.00;0.00;-960.00;875.00;2397.00;0;
2016-01-23 00:00:00;0.00;-1673.00;-5713.00;29.00;-840.00;7322.00;7825.00;0;
2016-01-23 08:00:00;515.00;-916.00;-1932.00;779.00;1225.00;160258.00;142906.00;0;
2016-01-23 16:00:00;0.00;-1689.00;-3442.00;0.00;-480.00;1396.00;2024.00;0;
2016-01-24 00:00:00;0.00;-1665.00;-6553.00;11.00;-425.00;5653.00;6723.00;0;
2016-01-24 08:00:00;239.00;-1047.00;-4199.00;606.00;-618.00;129584.00;128735.00;0;
2016-01-24 16:00:00;0.00;-1668.00;-4325.00;0.00;-480.00;1823.00;2501.00;0;
2016-01-25 00:00:00;0.00;-1678.00;-6095.00;0.00;-460.00;2460.00;3644.00;0;
2016-01-25 08:00:00;66.00;-1289.00;-9081.00;364.00;-436.00;86213.00;87407.00;0;
2016-01-25 16:00:00;0.00;-1603.00;-4621.00;0.00;-480.00;2028.00;2606.00;0;
2016-01-26 00:00:00;0.00;-1612.00;-6364.00;0.00;-480.00;2702.00;3697.00;0;
2016-01-26 08:00:00;0.00;-1500.00;-11091.00;37.00;-314.00;67521.00;70667.00;0;
2016-01-26 16:00:00;0.00;-1628.00;-5352.00;0.00;-480.00;2171.00;3214.00;0;
2016-01-27 00:00:00;0.00;-1674.00;-7575.00;0.00;-191.00;3059.00;4522.00;0;
2016-01-27 08:00:00;0.00;-1360.00;-9302.00;1706.00;38980.00;88114.00;92178.00;0;
2016-01-27 16:00:00;0.00;-1699.00;-4699.00;0.00;-957.00;1974.00;2724.00;0;
2016-01-28 00:00:00;0.00;-1614.00;-6865.00;107.00;160.00;5778.00;6408.00;0;
2016-01-28 08:00:00;0.00;-883.00;-10892.00;1093.00;24068.00;52191.00;54545.00;0;
2016-01-28 16:00:00;0.00;-1695.00;-4144.00;0.00;-480.00;2332.00;1794.00;0;
2016-01-29 00:00:00;0.00;-1528.00;-5961.00;214.00;9389.00;30684.00;11913.00;0;
2016-01-29 08:00:00;237.00;-543.00;31340.00;3660.00;451605.00;1270554.00;382601.00;0;
2016-01-29 16:00:00;0.00;-1725.00;-5066.00;0.00;-816.00;2628.00;2449.00;0;
2016-01-30 00:00:00;0.00;-1399.00;-5632.00;309.00;14131.00;39660.00;13195.00;0;
2016-01-30 08:00:00;5092.00;-407.00;34242.00;6425.00;325896.00;1123593.00;293700.00;0;
2016-01-30 16:00:00;0.00;-1782.00;-6916.00;0.00;-479.00;4021.00;2912.00;0;
2016-01-31 00:00:00;104.00;-1452.00;-7831.00;162.00;1544.00;10205.00;9203.00;0;
2016-01-31 08:00:00;2851.00;-348.00;3378.00;1874.00;45484.00;107503.00;88659.00;0;
2016-01-31 16:00:00;0.00;-1699.00;-4483.00;0.00;-480.00;2375.00;2128.00;0;
2016-02-01 00:00:00;154.00;-1319.00;-4392.00;423.00;12421.00;49000.00;15154.00;0;
2016-02-01 08:00:00;18284.00;-106.00;94214.00;3039.00;655139.00;2074706.00;445264.00;0;
2016-02-01 16:00:00;0.00;-1818.00;-2604.00;0.00;-960.00;618.00;2025.00;0;
2016-02-02 00:00:00;0.00;-1681.00;-4988.00;0.00;-842.00;2233.00;4210.00;0;
2016-02-02 08:00:00;0.00;-564.00;-2331.00;1854.00;42036.00;122951.00;130622.00;0;
2016-02-02 16:00:00;0.00;-1852.00;-3043.00;0.00;-1017.00;975.00;2072.00;0;
2016-02-03 00:00:00;0.00;-1539.00;-4752.00;353.00;1927.00;24690.00;15517.00;0;
2016-02-03 08:00:00;3.00;-485.00;8147.00;5154.00;55276.00;340787.00;216204.00;0;
2016-02-03 16:00:00;0.00;-1679.00;-6913.00;0.00;-1413.00;3567.00;3349.00;0;
2016-02-04 00:00:00;0.00;-1482.00;-8587.00;240.00;460.00;13607.00;13747.00;0;
2016-02-04 08:00:00;150.00;-521.00;13157.00;5969.00;141411.00;426876.00;285905.00;0;
2016-02-04 16:00:00;0.00;-1699.00;-4249.00;0.00;-1021.00;1425.00;2850.00;0;
2016-02-05 00:00:00;0.00;-1569.00;-7897.00;189.00;-827.00;10718.00;12760.00;0;
2016-02-05 08:00:00;86.00;-337.00;4331.00;4090.00;54306.00;297579.00;216031.00;0;
2016-02-05 16:00:00;0.00;-948.00;-6694.00;0.00;-772.00;3894.00;2822.00;0;
2016-02-06 00:00:00;0.00;-828.00;-8794.00;249.00;1879.00;13937.00;14238.00;0;
2016-02-06 08:00:00;2.00;-270.00;7120.00;4707.00;70828.00;273722.00;250688.00;0;
2016-02-06 16:00:00;0.00;-942.00;-7880.00;0.00;-480.00;4531.00;3308.00;0;
2016-02-07 00:00:00;0.00;-816.00;-9651.00;197.00;2531.00;12019.00;12413.00;0;
2016-02-07 08:00:00;0.00;-232.00;-5692.00;1576.00;41367.00;75014.00;85019.00;0;
2016-02-07 16:00:00;0.00;-946.00;-7439.00;0.00;-480.00;4188.00;3278.00;0;
2016-02-08 00:00:00;0.00;-722.00;-9126.00;119.00;1059.00;6338.00;6118.00;0;
2016-02-08 08:00:00;5.00;-392.00;-3887.00;716.00;11528.00;27820.00;30131.00;0;
2016-02-08 16:00:00;0.00;-1138.00;-7182.00;0.00;-821.00;4317.00;2828.00;0;
2016-02-09 00:00:00;0.00;-911.00;-9364.00;29.00;-712.00;5122.00;4240.00;0;
2016-02-09 08:00:00;134.00;1816.00;8093.00;828.00;13607.00;34006.00;37266.00;0;
2016-02-09 16:00:00;0.00;-1111.00;-7870.00;0.00;-480.00;4341.00;3516.00;0;
2016-02-10 00:00:00;25699.00;7778.00;61853.00;551.00;11652.00;28747.00;26338.00;0;
2016-02-10 08:00:00;231784.00;42561.00;368510.00;2436.00;66647.00;107580.00;117787.00;0;
2016-02-10 16:00:00;0.00;-532.00;-5763.00;0.00;-954.00;3599.00;2187.00;0;
2016-02-11 00:00:00;14274.00;-469.00;-812.00;33.00;-606.00;4424.00;4064.00;0;
2016-02-11 08:00:00;324960.00;9625.00;150760.00;705.00;14312.00;21243.00;28034.00;0;
2016-02-11 16:00:00;0.00;-960.00;-5963.00;0.00;-959.00;3596.00;2368.00;0;
2016-02-12 00:00:00;80.00;-845.00;-7743.00;6.00;-813.00;5054.00;4602.00;0;
2016-02-12 08:00:00;3462.00;-393.00;-6204.00;492.00;-504.00;45473.00;53723.00;0;
2016-02-12 16:00:00;0.00;-960.00;-6558.00;0.00;-956.00;3192.00;3339.00;0;
2016-02-13 00:00:00;0.00;-854.00;-8743.00;70.00;239.00;8897.00;10342.00;0;
2016-02-13 08:00:00;89.00;-223.00;-1528.00;2415.00;60694.00;111597.00;125234.00;0;
2016-02-13 16:00:00;0.00;-960.00;-7155.00;0.00;-480.00;3442.00;3709.00;0;
2016-02-14 00:00:00;0.00;-805.00;-8273.00;13.00;-477.50;11953.00;15052.50;0;
2016-02-14 08:00:00;0.00;-306.00;2178.50;2954.00;28790.50;185098.50;208374.00;0;
2016-02-14 16:00:00;0.00;-960.00;-6121.00;0.00;-480.00;3473.00;2641.00;0;
2016-02-15 00:00:00;0.00;-940.00;-8682.00;75.00;-392.00;27470.00;28800.00;0;
2016-02-15 08:00:00;0.00;-500.00;10953.00;4597.00;31580.00;443488.00;367801.00;0;
2016-02-15 16:00:00;0.00;-960.00;-5206.00;0.00;-480.00;2123.00;3069.00;0;
2016-02-16 00:00:00;0.00;-941.00;-4423.00;482.00;108224.00;193968.00;34644.00;0;
2016-02-16 08:00:00;792.00;-495.00;83888.00;13150.00;1141444.00;3725876.00;1083013.00;0;
2016-02-16 16:00:00;0.00;-960.00;-3826.00;0.00;-1440.00;1153.00;2657.00;0;
2016-02-17 00:00:00;0.00;-883.00;-4284.00;1068.00;18665.00;68463.00;50458.00;0;
2016-02-17 08:00:00;453.00;-393.00;33946.00;11195.00;415511.00;1443210.00;467074.00;0;
2016-02-17 16:00:00;0.00;-960.00;-5287.00;0.00;-1010.00;2343.00;2969.00;0;
2016-02-18 00:00:00;0.00;-874.00;-4310.00;1161.00;30247.00;89921.00;57888.00;0;
2016-02-18 08:00:00;377.00;-399.00;42919.00;16376.00;549251.00;1578695.00;711669.00;0;
2016-02-18 16:00:00;0.00;-960.00;-3959.00;0.00;-1008.00;855.00;3078.00;0;
2016-02-19 00:00:00;0.00;-960.00;-6296.00;45.00;429.00;33230.00;37546.00;0;
2016-02-19 08:00:00;0.00;-949.00;-6866.00;1950.00;31170.00;133429.00;146833.00;0;
2016-02-19 16:00:00;0.00;-960.00;-4254.00;0.00;-1440.00;1006.00;3237.00;0;
2016-02-20 00:00:00;0.00;-959.00;-5818.00;56.00;-1189.00;38141.00;41699.00;0;
2016-02-20 08:00:00;0.00;-956.00;-2326.00;1892.00;-264.00;222719.00;246138.00;0;
2016-02-20 16:00:00;0.00;-960.00;-2576.00;0.00;-1440.00;630.00;1893.00;0;
2016-02-21 00:00:00;0.00;-959.00;-5446.00;0.00;-1187.00;16534.00;18072.00;0;
2016-02-21 08:00:00;0.00;-820.00;935.00;1123.00;-381.00;283938.00;290622.00;0;
2016-02-21 16:00:00;0.00;-960.00;-2458.00;0.00;-1440.00;520.00;1907.00;0;
2016-02-22 00:00:00;0.00;-960.00;-6186.00;13.00;-1228.00;10637.00;12189.00;0;
2016-02-22 08:00:00;0.00;-946.00;-2935.00;723.00;-375.00;242790.00;228661.00;0;
2016-02-22 16:00:00;0.00;-960.00;-3323.00;0.00;-1440.00;622.00;2687.00;0;
2016-02-23 00:00:00;0.00;-960.00;-5063.00;119.00;-1192.00;43445.00;46460.00;0;
2016-02-23 08:00:00;0.00;-879.00;4397.00;1504.00;-478.00;379872.00;376279.00;0;
2016-02-23 16:00:00;0.00;-960.00;-3610.00;0.00;-1440.00;576.00;2933.00;0;
2016-02-24 00:00:00;0.00;-960.00;-4683.00;263.00;-1118.00;66431.00;60698.00;0;
2016-02-24 08:00:00;0.00;-744.00;21059.00;9822.00;112340.00;786661.00;607338.00;0;
2016-02-24 16:00:00;0.00;-960.00;-6527.00;0.00;-1440.00;3351.00;3202.00;0;
2016-02-25 00:00:00;0.00;-959.00;-7436.00;702.00;1823.00;53583.00;55240.00;0;
2016-02-25 08:00:00;0.00;-924.00;1965.00;5485.00;97259.00;309226.00;319510.00;0;
2016-02-25 16:00:00;0.00;-960.00;-5503.00;0.00;-1440.00;3100.00;2396.00;0;
2016-02-26 00:00:00;0.00;-960.00;-8833.00;114.00;-9.00;23899.00;25526.00;0;
2016-02-26 08:00:00;0.00;-869.00;22976.00;13216.00;212124.00;1019058.00;624196.00;0;
2016-02-26 16:00:00;0.00;-960.00;-4115.00;0.00;-1417.00;1610.00;2496.00;0;
2016-02-27 00:00:00;0.00;-952.00;1024.00;942.00;84375.00;317319.00;82743.00;0;
2016-02-27 08:00:00;0.00;-862.00;29773.00;7621.00;259193.00;925534.00;801790.00;0;
2016-02-27 16:00:00;0.00;-960.00;-4381.00;0.00;-1440.00;1689.00;2701.00;0;
2016-02-28 00:00:00;0.00;-952.00;-1655.00;1213.00;48040.00;177775.00;103621.00;0;
2016-02-28 08:00:00;0.00;-867.00;16293.00;11294.00;273881.00;738632.00;525070.00;0;
2016-02-28 16:00:00;0.00;-960.00;-3598.00;0.00;-1440.00;1031.00;2544.00;0;
2016-02-29 00:00:00;0.00;-942.00;-1125.00;2295.00;62925.00;191937.00;88676.00;0;
2016-02-29 08:00:00;0.00;-511.00;100840.00;42350.00;1396236.00;4509058.00;1636709.00;0;
2016-02-29 16:00:00;0.00;-960.00;-5012.00;0.00;-1440.00;2451.00;2564.00;0;
2016-03-01 00:00:00;0.00;-959.00;-5247.00;1416.00;30735.00;80013.00;79325.00;0;
2016-03-01 08:00:00;0.00;-827.00;33074.00;12735.00;389686.00;927786.00;1015143.00;0;
2016-03-01 16:00:00;0.00;-960.00;-5215.00;0.00;-1419.00;2419.00;2796.00;0;
2016-03-02 00:00:00;0.00;-927.00;248.00;2274.00;105846.00;311557.00;99690.00;0;
2016-03-02 08:00:00;0.00;-440.00;108856.00;50729.00;1525499.00;4821082.00;1592579.00;0;
2016-03-02 16:00:00;0.00;-960.00;-5108.00;0.00;-990.00;3273.00;1853.00;0;
2016-03-03 00:00:00;0.00;-957.00;-7955.00;817.00;16423.00;44142.00;45851.00;0;
2016-03-03 08:00:00;0.00;-820.00;35582.00;6176.00;167840.00;347058.00;329378.00;0;
2016-03-03 16:00:00;0.00;-960.00;-5524.00;0.00;-1035.00;3069.00;2491.00;0;
2016-03-04 00:00:00;0.00;-950.00;-7477.00;1017.00;22423.00;54046.00;56643.00;0;
2016-03-04 08:00:00;0.00;-746.00;8702.00;7428.00;192780.00;425015.00;439949.00;0;
2016-03-04 16:00:00;0.00;-960.00;-5329.00;0.00;-1017.00;3209.00;2170.00;0;
2016-03-05 00:00:00;0.00;-960.00;-9181.00;432.00;6188.00;23087.00;24459.00;0;
2016-03-05 08:00:00;0.00;-958.00;-4901.00;3869.00;87537.00;204967.00;224460.00;0;
2016-03-05 16:00:00;0.00;-960.00;-6310.00;0.00;-960.00;3404.00;2884.00;0;
2016-03-06 00:00:00;0.00;-960.00;-6452.00;818.00;4861.00;78578.00;86659.00;0;
2016-03-06 08:00:00;0.00;-898.00;4085.00;6241.00;144336.00;346990.00;372722.00;0;
2016-03-06 16:00:00;0.00;-960.00;-5499.00;0.00;-960.00;3426.00;2113.00;0;
2016-03-07 00:00:00;0.00;-949.00;-8446.00;806.00;14682.00;43925.00;46176.00;0;
2016-03-07 08:00:00;0.00;-958.00;-7325.00;3227.00;80718.00;170141.00;184228.00;0;
2016-03-07 16:00:00;0.00;-963.00;-6030.00;0.00;-1417.00;2897.00;3117.00;0;
2016-03-08 00:00:00;0.00;-872.00;-4637.00;1969.00;20973.00;93127.00;94793.00;0;
2016-03-08 08:00:00;0.00;-634.00;-210.00;5000.00;145486.00;267626.00;274657.00;0;
2016-03-08 16:00:00;0.00;-960.00;-6608.00;0.00;-1431.00;3341.00;3277.00;0;
2016-03-09 00:00:00;0.00;-913.00;-7736.00;1224.00;15196.00;70095.00;63652.00;0;
2016-03-09 08:00:00;0.00;-545.00;3127.00;5911.00;120277.00;334886.00;333704.00;0;
2016-03-09 16:00:00;0.00;-960.00;-6846.00;0.00;-959.00;3243.00;3619.00;0;
2016-03-10 00:00:00;0.00;-767.00;-5920.00;1633.00;33663.00;86385.00;84667.00;0;
2016-03-10 08:00:00;0.00;-293.00;9078.00;7121.00;186079.00;406369.00;382534.00;0;
2016-03-10 16:00:00;0.00;-960.00;-6097.00;0.00;-980.00;3286.00;2852.00;0;
2016-03-11 00:00:00;0.00;-740.00;-6311.00;1582.00;40137.00;80151.00;76828.00;0;
2016-03-11 08:00:00;0.00;-136.00;14027.00;8033.00;233573.00;438492.00;435440.00;0;
2016-03-11 16:00:00;0.00;-960.00;-6770.00;0.00;-930.00;3018.00;3713.00;0;
2016-03-12 00:00:00;0.00;-686.00;-2667.00;2659.00;68530.00;156192.00;114555.00;0;
2016-03-12 08:00:00;0.00;-323.00;128692.00;68809.00;1547492.00;4723643.00;2176232.00;0;
2016-03-12 16:00:00;0.00;-960.00;-5597.00;0.00;-972.00;2524.00;3030.00;0;
2016-03-13 00:00:00;0.00;-678.00;8208.00;5050.00;330713.00;761342.00;101034.00;0;
2016-03-13 08:00:00;0.00;3333.00;133773.00;68028.00;1567607.00;4844685.00;2198596.00;0;
2016-03-13 16:00:00;0.00;-707.00;-4457.00;0.00;-936.00;1347.00;3075.00;0;
2016-03-14 00:00:00;0.00;-489.00;-2865.00;1321.00;10213.00;99020.00;107979.00;0;
2016-03-14 08:00:00;0.00;-106.00;10039.00;6754.00;152658.00;365605.00;394341.00;0;
2016-03-14 16:00:00;0.00;-672.00;-2984.00;0.00;-943.00;1073.00;1926.00;0;
2016-03-15 00:00:00;0.00;-428.00;7911.00;5092.00;274275.00;478139.00;157184.00;0;
2016-03-15 08:00:00;0.00;6530.00;91511.00;42390.00;994463.00;2916605.00;1561196.00;0;
2016-03-15 16:00:00;0.00;-955.00;-5466.00;1.00;-1383.00;2178.00;3844.00;0;
2016-03-16 00:00:00;0.00;3847.00;13885.00;8386.00;432631.00;883213.00;112723.00;0;
2016-03-16 08:00:00;0.00;69522.00;183902.00;74289.00;1645000.00;4916727.00;2304935.00;0;
2016-03-16 16:00:00;0.00;-916.00;-5272.00;0.00;-1359.00;1811.00;3400.00;0;
2016-03-17 00:00:00;0.00;73846.00;20306.00;8063.00;262482.00;594611.00;129318.00;0;
2016-03-17 08:00:00;56.00;267800.00;173335.00;27749.00;622859.00;1767757.00;856727.00;0;
2016-03-17 16:00:00;0.00;-684.00;-4374.00;0.00;-971.00;1446.00;2944.00;0;
2016-03-18 00:00:00;32.00;93329.00;119284.00;12688.00;524621.00;961267.00;99997.00;0;
2016-03-18 08:00:00;740.00;574310.00;876240.00;62662.00;1830947.00;5195509.00;2591661.00;0;
2016-03-18 16:00:00;0.00;-1144.00;-5742.00;2.00;-1297.00;2828.00;4557.00;0;
2016-03-19 00:00:00;46.00;105099.00;133584.00;16242.00;533984.00;926496.00;108141.00;0;
2016-03-19 08:00:00;541.00;467605.00;639027.00;42515.00;1106190.00;3137168.00;1366335.00;0;
2016-03-19 16:00:00;0.00;-926.00;-8963.00;2.00;-876.00;5078.00;5777.00;0;
2016-03-20 00:00:00;53.00;113685.00;148120.00;17266.00;533780.00;987842.00;117968.00;0;
2016-03-20 08:00:00;956.00;643182.00;939241.00;63216.00;1659246.00;4813865.00;2254678.00;0;
2016-03-20 16:00:00;0.00;-881.00;-5862.00;7.00;-1031.00;2824.00;6571.00;0;
2016-03-21 00:00:00;0.00;68748.00;89179.00;4646.00;119188.00;230760.00;191359.00;0;
2016-03-21 08:00:00;334.00;444232.00;700563.00;33052.00;1105486.00;2527628.00;1915384.00;0;
2016-03-21 16:00:00;0.00;-951.00;-4667.00;8.00;-900.00;2044.00;7465.00;0;
2016-03-22 00:00:00;90.00;132940.00;186909.00;17669.00;533575.00;1013318.00;124664.00;0;
2016-03-22 08:00:00;982.00;784040.00;1153760.00;60620.00;1805383.00;5025233.00;2682217.00;0;
2016-03-22 16:00:00;0.00;-910.00;-4232.00;16.00;-1026.00;1841.00;14367.00;0;
2016-03-23 00:00:00;18.00;108058.00;143908.00;9574.00;270470.00;510436.00;169935.00;0;
2016-03-23 08:00:00;1139.00;572041.00;942115.00;52676.00;1272674.00;3501147.00;1909522.00;0;
2016-03-23 16:00:00;0.00;-732.00;-2965.00;55.00;-798.00;2390.00;7197.00;0;
2016-03-24 00:00:00;75.00;113444.00;156326.00;4302.00;236556.00;469105.00;198786.00;0;
2016-03-24 08:00:00;107.00;352948.00;593165.00;22898.00;578624.00;1204394.00;1392802.00;0;
2016-03-24 16:00:00;0.00;-576.00;-5760.00;59.00;-238.00;4515.00;8778.00;0;
2016-03-25 00:00:00;0.00;70306.00;117556.00;3754.00;111855.00;190451.00;187750.00;0;
2016-03-25 08:00:00;96.00;272974.00;484302.00;15564.00;408887.00;794979.00;726072.00;0;
2016-03-25 16:00:00;0.00;-927.00;-6002.00;3.00;-943.00;2861.00;3118.00;0;
2016-03-26 00:00:00;125.00;126273.00;226442.00;4813.00;258140.00;465954.00;215545.00;0;
2016-03-26 08:00:00;71.00;199708.00;522731.00;10310.00;282310.00;453859.00;495631.00;0;
2016-03-26 16:00:00;0.00;-934.00;-4918.00;13.00;-951.00;1869.00;3207.00;0;
2016-03-27 00:00:00;325.00;62265.00;285557.00;3145.00;90314.00;124196.00;137384.00;0;
2016-03-27 08:00:00;137837.00;817113.00;4645989.00;64020.00;1485571.00;3706833.00;2698184.00;0;
2016-03-27 16:00:00;0.00;-202.00;7092.00;121.00;649.00;5147.00;32052.00;0;
2016-03-28 00:00:00;79268.00;184864.00;808551.00;4102.00;505155.00;913018.00;135180.00;0;
2016-03-28 08:00:00;1482163.00;963011.00;6925714.00;65924.00;1635031.00;4281453.00;2462135.00;0;
2016-03-28 16:00:00;3474.00;-204.00;4707.00;99.00;147.00;4065.00;26340.00;0;
2016-03-29 00:00:00;988974.00;156158.00;815548.00;3792.00;393969.00;728970.00;119398.00;0;
2016-03-29 08:00:00;5472774.00;740206.00;5364770.00;39368.00;1064952.00;2922137.00;1021450.00;0;
2016-03-29 16:00:00;7624.00;-672.00;1861.00;44.00;-849.00;1927.00;4700.00;0;
2016-03-30 00:00:00;2016143.00;151580.00;1061649.00;5011.00;359688.00;646522.00;211579.00;0;
2016-03-30 08:00:00;8397990.00;681076.00;5129143.00;38386.00;973277.00;2404984.00;1435284.00;0;
2016-03-30 16:00:00;23408.00;-330.00;6897.00;97.00;170.00;2909.00;8680.00;0;
2016-03-31 00:00:00;1897930.00;89769.00;792477.00;3965.00;111142.00;165421.00;177589.00;0;
2016-03-31 08:00:00;4259052.00;190074.00;1735448.00;8866.00;255089.00;328771.00;405324.00;0;
2016-03-31 16:00:00;18777.00;-395.00;2518.00;42.00;-486.00;1623.00;3598.00;0;
2016-04-01 00:00:00;1787839.00;79796.00;732643.00;3584.00;97164.00;151722.00;154707.00;0;
2016-04-01 08:00:00;11916107.00;671747.00;4952998.00;36991.00;946531.00;2383448.00;1224441.00;0;
2016-04-01 16:00:00;41017.00;197.00;10473.00;139.00;481.00;6302.00;11675.00;0;
2016-04-02 00:00:00;4183378.00;239906.00;1167100.00;4897.00;400498.00;819396.00;137932.00;0;
2016-04-02 08:00:00;16426242.00;1002576.00;7177744.00;60611.00;1486688.00;3816588.00;2143380.00;0;
2016-04-02 16:00:00;26187.00;42.00;9989.00;109.00;292.00;6192.00;69428.00;0;
2016-04-03 00:00:00;4509599.00;219459.00;1117308.00;4653.00;560060.00;902450.00;193253.00;0;
2016-04-03 08:00:00;13017092.00;817304.00;6014109.00;50043.00;1243414.00;2739300.00;2490770.00;0;
2016-04-03 16:00:00;44396.00;1397.00;22492.00;214.00;2013.00;8004.00;106235.00;0;
2016-04-04 00:00:00;4917271.00;258546.00;1128643.00;4432.00;610180.00;1038139.00;151322.00;0;
2016-04-04 08:00:00;17271077.00;1129348.00;7925516.00;72186.00;1698061.00;4193598.00;2762712.00;0;
2016-04-04 16:00:00;38946.00;622.00;19178.00;194.00;1643.00;5774.00;75382.00;0;
2016-04-05 00:00:00;2566823.00;112762.00;992513.00;4610.00;154664.00;252174.00;184966.00;0;
2016-04-05 08:00:00;10039055.00;495222.00;4389070.00;22211.00;614629.00;1302518.00;791854.00;0;
2016-04-05 16:00:00;31565.00;-631.00;9294.00;49.00;-273.00;2159.00;4684.00;0;
2016-04-06 00:00:00;1700978.00;55118.00;820618.00;2823.00;82658.00;104213.00;99843.00;0;
2016-04-06 08:00:00;12850946.00;587763.00;6738072.00;31094.00;792650.00;1837568.00;1247558.00;0;
2016-04-06 16:00:00;29794.00;-400.00;9653.00;44.00;-21.00;2413.00;4630.00;0;
2016-04-07 00:00:00;1970441.00;69464.00;987005.00;3117.00;92562.00;122831.00;121446.00;0;
2016-04-07 08:00:00;12129501.00;586780.00;6719290.00;29445.00;849803.00;1726368.00;1780980.00;0;
2016-04-07 16:00:00;54511.00;231.00;25898.00;90.00;988.00;5020.00;17358.00;0;
2016-04-08 00:00:00;3774944.00;159581.00;1686599.00;8952.00;224870.00;448105.00;138801.00;0;
2016-04-08 08:00:00;16482062.00;836379.00;8989127.00;43789.00;1204752.00;2758295.00;1997949.00;0;
2016-04-08 16:00:00;62205.00;1360.00;37596.00;124.00;1590.00;9635.00;83100.00;0;
2016-04-09 00:00:00;1639018.00;51117.00;811997.00;2480.00;70276.00;90754.00;95735.00;0;
2016-04-09 08:00:00;12894300.00;562750.00;6588754.00;27452.00;693675.00;1565035.00;1093677.00;0;
2016-04-09 16:00:00;94027.00;1957.00;53636.00;162.00;2012.00;9443.00;59687.00;0;
2016-04-10 00:00:00;4976835.00;218789.00;2028358.00;13958.00;323941.00;652311.00;128470.00;0;
2016-04-10 08:00:00;19664348.00;939361.00;10025009.00;56327.00;1240448.00;3263700.00;1004606.00;0;
2016-04-10 16:00:00;118076.00;1285.00;57906.00;190.00;3076.00;10926.00;60728.00;0;
2016-04-11 00:00:00;7527737.00;336922.00;2455724.00;23989.00;734211.00;1076430.00;135117.00;0;
2016-04-11 08:00:00;23861153.00;1285814.00;13359900.00;72032.00;1847155.00;4330443.00;2904110.00;0;
2016-04-11 16:00:00;59393.00;1256.00;49308.00;129.00;1206.00;9939.00;149148.00;0;
2016-04-12 00:00:00;4328296.00;167676.00;1994127.00;8673.00;252356.00;389500.00;217317.00;0;
2016-04-12 08:00:00;16006282.00;842490.00;9112689.00;46251.00;1218064.00;2497805.00;2523378.00;0;
2016-04-12 16:00:00;72660.00;2199.00;68218.00;258.00;2341.00;13203.00;260430.00;0;
2016-04-13 00:00:00;7551610.00;343011.00;2418211.00;4888.00;694945.00;1053371.00;131641.00;0;
2016-04-13 08:00:00;22420061.00;1170890.00;12251929.00;48468.00;1666302.00;3911164.00;2519106.00;0;
2016-04-13 16:00:00;142393.00;4213.00;106805.00;428.00;5355.00;21445.00;283297.00;0;
2016-04-14 00:00:00;6294740.00;252012.00;2117814.00;12432.00;569036.00;576634.00;142798.00;0;
2016-04-14 08:00:00;17190458.00;804685.00;9011460.00;39122.00;1084408.00;2424317.00;1798193.00;0;
2016-04-14 16:00:00;307545.00;9314.00;169007.00;885.00;14071.00;27279.00;106569.00;0;
2016-04-15 00:00:00;8045941.00;364197.00;2742208.00;16077.00;759969.00;1090627.00;159306.00;0;
2016-04-15 08:00:00;21488379.00;1117333.00;11922791.00;49509.00;1551978.00;3557021.00;2608332.00;0;
2016-04-15 16:00:00;165287.00;5567.00;120271.00;498.00;5335.00;23326.00;281880.00;0;
2016-04-16 00:00:00;7684873.00;350846.00;2725423.00;15699.00;642946.00;1027344.00;144797.00;0;
2016-04-16 08:00:00;20916232.00;1106251.00;11575581.00;47013.00;1526415.00;3443964.00;2492371.00;0;
2016-04-16 16:00:00;115652.00;3815.00;103324.00;384.00;4194.00;19502.00;332089.00;0;
2016-04-17 00:00:00;6243355.00;278120.00;2548241.00;13189.00;476152.00;789663.00;168590.00;0;
2016-04-17 08:00:00;13710193.00;629347.00;6890114.00;28729.00;803321.00;1987823.00;519024.00;0;
2016-04-17 16:00:00;12437.00;-1353.00;-1054.00;41.00;-714.00;2339.00;4769.00;0;
2016-04-18 00:00:00;4354424.00;179297.00;2001106.00;9945.00;251533.00;428179.00;174122.00;0;
2016-04-18 08:00:00;15911012.00;802402.00;8805130.00;37749.00;1080346.00;2268604.00;2023322.00;0;
2016-04-18 16:00:00;181863.00;3893.00;97317.00;546.00;7222.00;16497.00;77593.00;0;
2016-04-19 00:00:00;1217433.00;37275.00;606280.00;3221.00;52033.00;65292.00;68992.00;0;
2016-04-19 08:00:00;12056236.00;610809.00;6734247.00;29731.00;855084.00;1621782.00;2011009.00;0;
2016-04-19 16:00:00;106607.00;3933.00;110089.00;382.00;4487.00;22126.00;411270.00;0;
2016-04-20 00:00:00;2197235.00;73265.00;1096549.00;5628.00;91712.00;87294.00;97054.00;0;
2016-04-20 08:00:00;16127919.00;809525.00;8925775.00;45446.00;1124112.00;2213615.00;2542647.00;0;
2016-04-20 16:00:00;119084.00;1361.00;68954.00;306.00;2992.00;14650.00;98886.00;0;
2016-04-21 00:00:00;2224516.00;79515.00;1113731.00;5017.00;104248.00;137466.00;129806.00;0;
2016-04-21 08:00:00;11142615.00;480977.00;5817521.00;27590.00;616585.00;1055869.00;1178689.00;0;
2016-04-21 16:00:00;160815.00;2325.00;83370.00;393.00;3585.00;14957.00;105496.00;0;
2016-04-22 00:00:00;7066449.00;264482.00;2714789.00;16716.00;682072.00;714545.00;208146.00;0;
2016-04-22 08:00:00;23107831.00;1168985.00;12448133.00;66907.00;1559508.00;3489363.00;2344312.00;0;
2016-04-22 16:00:00;314016.00;8990.00;178301.00;787.00;15203.00;27244.00;155638.00;0;
2016-04-23 00:00:00;5859530.00;246273.00;2666758.00;14124.00;380440.00;607908.00;242628.00;0;
2016-04-23 08:00:00;17749993.00;853981.00;9336013.00;47600.00;1090804.00;2447618.00;1523144.00;0;
2016-04-23 16:00:00;244826.00;6822.00;146683.00;635.00;11654.00;23693.00;189165.00;0;
2016-04-24 00:00:00;6336122.00;222102.00;1994058.00;15057.00;602080.00;513426.00;200415.00;0;
2016-04-24 08:00:00;14496356.00;655136.00;7493863.00;36637.00;803967.00;1675740.00;1344104.00;0;
2016-04-24 16:00:00;241907.00;5028.00;117731.00;561.00;8110.00;14502.00;19631.00;0;
2016-04-25 00:00:00;2627878.00;96667.00;1287304.00;5921.00;128975.00;179971.00;152159.00;0;
2016-04-25 08:00:00;14187401.00;620634.00;7201663.00;34332.00;730305.00;1507936.00;1121835.00;0;
2016-04-25 16:00:00;165195.00;2808.00;76755.00;392.00;4244.00;9723.00;13725.00;0;
2016-04-26 00:00:00;2119520.00;71480.00;1050503.00;4772.00;93828.00;123323.00;123007.00;0;
2016-04-26 08:00:00;3923098.00;138634.00;1979115.00;8765.00;188703.00;226548.00;237925.00;0;
2016-04-26 16:00:00;26190.00;-1505.00;4641.00;72.00;-883.00;2956.00;4833.00;0;
2016-04-27 00:00:00;1033306.00;30765.00;515022.00;2363.00;44692.00;55073.00;60637.00;0;
2016-04-27 08:00:00;7343672.00;280209.00;3694515.00;15637.00;361906.00;495172.00;526769.00;0;
2016-04-27 16:00:00;340169.00;9540.00;189457.00;664.00;14141.00;28148.00;162962.00;0;
2016-04-28 00:00:00;2697269.00;91868.00;1321521.00;5854.00;120508.00;160742.00;169008.00;0;
2016-04-28 08:00:00;6884912.00;269232.00;3500818.00;13707.00;345937.00;498602.00;643132.00;0;
2016-04-28 16:00:00;172238.00;2980.00;82566.00;342.00;5291.00;10814.00;21659.00;0;
2016-04-29 00:00:00;1809068.00;58035.00;887500.00;3924.00;78158.00;105124.00;107661.00;0;
2016-04-29 08:00:00;10600765.00;424191.00;5342757.00;21291.00;516856.00;922636.00;792825.00;0;
2016-04-29 16:00:00;141983.00;1911.00;63758.00;304.00;3377.00;8479.00;10724.00;0;
2016-04-30 00:00:00;2374770.00;76966.00;1179100.00;5198.00;105275.00;122933.00;135947.00;0;
2016-04-30 08:00:00;7257377.00;278332.00;3707935.00;15567.00;352321.00;513558.00;509809.00;0;
2016-04-30 16:00:00;154365.00;1318.00;70180.00;336.00;3770.00;7145.00;9367.00;0;
2016-05-01 00:00:00;7280086.00;321278.00;3032638.00;20580.00;480078.00;765496.00;188295.00;0;
2016-05-01 08:00:00;16833811.00;845997.00;8980164.00;26063.00;1082279.00;2168179.00;2244665.00;0;
2016-05-01 16:00:00;241574.00;8739.00;213353.00;746.00;18364.00;38420.00;502897.00;0;
2016-05-02 00:00:00;10106037.00;449117.00;3619930.00;31188.00;1083380.00;978294.00;200663.00;0;
2016-05-02 08:00:00;22389879.00;1183655.00;12285417.00;33935.00;1552186.00;3069545.00;2902979.00;0;
2016-05-02 16:00:00;197711.00;7841.00;203921.00;723.00;17879.00;36808.00;570337.00;0;
2016-05-03 00:00:00;10090368.00;449294.00;3636095.00;34647.00;1120980.00;961442.00;187093.00;0;
2016-05-03 08:00:00;23967985.00;1225420.00;12725130.00;57389.00;1575653.00;3220356.00;2570344.00;0;
2016-05-03 16:00:00;216048.00;8441.00;211707.00;453.00;18223.00;39820.00;559018.00;0;
2016-05-04 00:00:00;9887942.00;438605.00;3942673.00;22677.00;777058.00;990404.00;219048.00;0;
2016-05-04 08:00:00;25991429.00;1367131.00;14100177.00;41707.00;1808920.00;3628453.00;3012468.00;0;
2016-05-04 16:00:00;201082.00;8135.00;211370.00;691.00;16120.00;40580.00;584063.00;0;
2016-05-05 00:00:00;9986171.00;447066.00;3694637.00;33830.00;1106152.00;929352.00;192951.00;0;
2016-05-05 08:00:00;20675927.00;1076831.00;11114528.00;34140.00;1412534.00;2838037.00;2358824.00;0;
2016-05-05 16:00:00;256539.00;9057.00;228171.00;717.00;17628.00;41840.00;509801.00;0;
2016-05-06 00:00:00;10005490.00;449975.00;3703044.00;32123.00;1083829.00;929019.00;204029.00;0;
2016-05-06 08:00:00;22125944.00;1149129.00;11982521.00;23974.00;1451259.00;3013873.00;2590243.00;0;
2016-05-06 16:00:00;323908.00;9934.00;229248.00;654.00;18792.00;43581.00;377983.00;0;
2016-05-07 00:00:00;10234315.00;462807.00;3865102.00;32913.00;1074372.00;937156.00;213317.00;0;
2016-05-07 08:00:00;25328513.00;1291525.00;13343679.00;15125.00;1634483.00;3457705.00;2505005.00;0;
2016-05-07 16:00:00;551191.00;17183.00;323299.00;634.00;24602.00;53688.00;270236.00;0;
2016-05-08 00:00:00;10261229.00;462025.00;3851754.00;27762.00;1072290.00;916750.00;196432.00;0;
2016-05-08 08:00:00;25729312.00;1343836.00;13824599.00;15082.00;1734086.00;3474441.00;2923741.00;0;
2016-05-08 16:00:00;396248.00;13515.00;318730.00;809.00;19042.00;54941.00;620768.00;0;
2016-05-09 00:00:00;9450973.00;422600.00;3614642.00;24023.00;901006.00;844680.00;247740.00;0;
2016-05-09 08:00:00;23337461.00;1202925.00;12545002.00;14260.00;1512019.00;3063549.00;2531784.00;0;
2016-05-09 16:00:00;329944.00;10490.00;253589.00;580.00;17671.00;45510.00;436817.00;0;
2016-05-10 00:00:00;10127547.00;454552.00;3824000.00;26228.00;1072289.00;905436.00;218400.00;0;
2016-05-10 08:00:00;22916578.00;1153728.00;12103234.00;45706.50;1461941.00;3029117.00;2318164.00;0;
2016-05-10 16:00:00;281782.00;7965.00;187196.00;701.00;13966.00;26295.00;186040.00;0;
2016-05-11 00:00:00;5999088.00;231981.00;2651240.00;14716.00;419219.00;460206.50;243587.00;0;
2016-05-11 08:00:00;18276712.00;966856.50;10033884.50;37793.00;1267167.00;2181536.50;2904467.00;0;
2016-05-11 16:00:00;312391.00;12118.00;311369.00;880.00;15020.00;47948.00;667007.00;0;
2016-05-12 00:00:00;11236367.00;505502.00;4059632.00;29003.00;1202771.00;940246.00;230467.00;0;
2016-05-12 08:00:00;25775545.00;1318669.00;13570743.00;50729.00;1691873.00;3402472.00;2637721.00;0;
2016-05-12 16:00:00;389047.00;14280.00;346546.00;1047.00;17449.00;58681.00;736855.00;0;
2016-05-13 00:00:00;11122892.00;505622.00;4219288.00;33372.00;1231997.00;922500.00;229845.00;0;
2016-05-13 08:00:00;27332876.00;1447294.00;14729126.00;32160.00;1864164.00;3577912.00;3151575.00;0;
2016-05-13 16:00:00;308995.00;12243.00;316688.00;827.00;16655.00;54544.00;739480.00;0;
2016-05-14 00:00:00;8873591.00;384285.00;4088190.00;22798.00;565963.00;815278.00;359694.00;0;
2016-05-14 08:00:00;21288263.00;1013700.00;10656780.00;33211.00;1206664.00;2736268.00;1083216.00;0;
2016-05-14 16:00:00;144026.00;1424.00;65079.00;254.00;3575.00;7648.00;9598.00;0;
2016-05-15 00:00:00;10912992.00;485562.00;4136054.00;29245.00;1125599.00;899885.00;308554.00;0;
2016-05-15 08:00:00;26792336.00;1415367.00;14302194.00;19628.00;1814774.00;3460895.00;3131262.00;0;
2016-05-15 16:00:00;346477.00;13166.00;326811.00;855.00;17868.00;57172.00;717583.00;0;
2016-05-16 00:00:00;10543880.00;460238.00;4193929.00;26106.00;1047838.00;892114.00;319327.00;0;
2016-05-16 08:00:00;14557137.00;656779.00;7176853.00;14865.00;771313.00;1655094.00;649466.00;0;
2016-05-16 16:00:00;479293.00;12889.00;245948.00;494.00;19410.00;35545.00;72303.00;0;
2016-05-17 00:00:00;11224998.00;506056.00;4309095.00;30129.00;1129118.00;886641.00;269198.00;0;
2016-05-17 08:00:00;24316602.00;1227219.00;12669736.00;20487.00;1514600.00;3028220.00;2328191.00;0;
2016-05-17 16:00:00;325819.00;13137.00;338125.00;864.00;19413.00;58211.00;804411.00;0;
2016-05-18 00:00:00;10410225.00;461928.00;4041274.00;26631.00;1141267.00;810867.00;285853.00;0;
2016-05-18 08:00:00;23885715.00;1183113.00;12213245.00;19269.00;1452409.00;2927970.00;2291766.00;0;
2016-05-18 16:00:00;472699.00;15103.00;324171.00;741.00;21674.00;64746.00;563126.00;0;
2016-05-19 00:00:00;10241207.00;451159.00;3969020.00;26882.00;1128669.00;814257.00;235570.00;0;
2016-05-19 08:00:00;20788110.00;1078388.00;11238683.00;19370.00;1435525.00;2408059.00;2891535.00;0;
2016-05-19 16:00:00;347765.00;13795.00;347996.00;857.00;21474.00;60691.00;800477.00;0;
2016-05-20 00:00:00;11369475.00;510193.00;4360248.00;32056.00;1190158.00;870140.00;248888.00;0;
2016-05-20 08:00:00;23801109.00;1177390.00;12202647.00;43412.00;1451473.00;2944112.00;1916625.00;0;
2016-05-20 16:00:00;766560.00;24050.00;474514.00;1484.00;39518.00;78945.00;472483.00;0;
2016-05-21 00:00:00;2788183.00;100599.00;1386653.00;6200.00;132355.00;177406.00;174761.00;0;
2016-05-21 08:00:00;6849908.00;265192.00;3476001.00;14846.00;346671.00;470558.00;513348.00;0;
2016-05-21 16:00:00;983633.00;33583.00;552460.00;2024.00;52442.00;85452.00;346159.00;0;
2016-05-22 00:00:00;7683117.00;339529.00;3604126.00;9688.00;575544.00;692081.00;310574.00;0;
2016-05-22 08:00:00;19028479.00;979640.00;10215348.00;51295.00;1305430.00;2148569.00;2666355.00;0;
2016-05-22 16:00:00;434187.00;16037.00;368627.00;4364.00;27364.00;68542.00;711966.00;0;
2016-05-23 00:00:00;11128331.00;500809.00;4289218.00;6079.00;1129360.00;844492.00;259722.00;0;
2016-05-23 08:00:00;26585148.00;1384646.00;14092768.00;65401.00;1775960.00;3260264.00;3068159.00;0;
2016-05-23 16:00:00;520274.00;17695.00;413354.00;5111.00;33001.00;66744.00;667729.00;0;
2016-05-24 00:00:00;10932101.00;489901.00;4148065.00;3492.00;1141404.00;825401.00;267883.00;0;
2016-05-24 08:00:00;26209966.00;1353896.00;13876620.00;59472.00;1738541.00;3215793.00;3002434.00;0;
2016-05-24 16:00:00;579690.00;19834.00;450076.00;5266.00;33834.00;78191.00;757648.00;0;
2016-05-25 00:00:00;10835397.00;487021.00;4243302.00;3345.00;1124982.00;836545.00;263786.00;0;
2016-05-25 08:00:00;26032577.00;1333534.00;13728915.00;50535.00;1748656.00;3212270.00;2847712.00;0;
2016-05-25 16:00:00;485560.00;16696.00;410302.00;5850.00;33496.00;72741.00;763511.00;0;
2016-05-26 00:00:00;832305.00;22714.00;417620.00;1310.00;33113.00;43660.00;53634.00;0;
2016-05-26 08:00:00;2650927.00;86127.00;1347736.00;4075.00;122811.00;150722.00;159780.00;0;
2016-05-26 16:00:00;174062.00;2816.00;80021.00;263.00;5240.00;11731.00;12546.00;0;
2016-05-27 00:00:00;2721871.00;93656.00;1348750.00;6147.00;123684.00;165019.00;176776.00;0;
2016-05-27 08:00:00;4530655.00;161297.00;2300792.00;10320.00;215980.00;276439.00;302844.00;0;
2016-05-27 16:00:00;357076.00;8125.00;173366.00;835.00;12318.00;19343.00;21783.00;0;
2016-05-28 00:00:00;3911360.00;144912.00;1944729.00;9502.00;194137.00;262932.00;249911.00;0;
2016-05-28 08:00:00;8321973.00;316469.00;4171709.00;20487.00;397903.00;583893.00;594802.00;0;
2016-05-28 16:00:00;457191.00;10687.00;223377.00;1210.00;17119.00;25887.00;29824.00;0;
2016-05-29 00:00:00;4566180.00;174480.00;2253184.00;5062.00;219353.00;333409.00;286786.00;0;
2016-05-29 08:00:00;13214126.00;552828.00;6700714.00;19694.00;689875.00;1086102.00;1222360.00;0;
2016-05-29 16:00:00;647434.00;18865.00;417217.00;3003.00;32222.00;66659.00;467737.00;0;
2016-05-30 00:00:00;10722137.00;473981.00;4336705.00;4074.00;1021318.00;821007.00;286980.00;0;
2016-05-30 08:00:00;26566357.00;1389756.00;14208088.00;45746.00;1818858.00;3176589.00;3032052.00;0;
2016-05-30 16:00:00;499920.00;18633.00;449352.00;6680.00;44395.00;77586.00;870221.00;0;
2016-05-31 00:00:00;11770037.00;520306.00;4629232.00;3544.00;1246462.00;808733.00;276860.00;0;
2016-05-31 08:00:00;27357772.00;1411044.00;14484354.00;46454.00;1835521.00;3129165.00;3002782.00;0;
2016-05-31 16:00:00;548466.00;18740.00;463389.00;6445.00;44588.00;72956.00;812049.00;0;
2016-06-01 00:00:00;11565221.00;514935.00;4604543.00;3746.00;1171075.00;777168.00;266461.00;0;
2016-06-01 08:00:00;27257780.00;1409283.00;14467332.00;39379.00;1784336.00;3099690.00;2985920.00;0;
2016-06-01 16:00:00;511549.00;18390.00;455137.00;6299.00;36832.00;74877.00;858572.00;0;
2016-06-02 00:00:00;10733166.00;474079.00;4636965.00;4521.00;880794.00;857878.00;314091.00;0;
2016-06-02 08:00:00;26793341.00;1381682.00;14252032.00;40278.00;1794364.00;3004548.00;3077262.00;0;
2016-06-02 16:00:00;480458.00;17605.00;456962.00;6599.00;38878.00;75612.00;917175.00;0;
2016-06-03 00:00:00;11072632.00;483088.00;4409959.00;3673.00;1132950.00;766180.00;272970.00;0;
2016-06-03 08:00:00;18881523.00;909729.00;9658250.00;20512.00;1098969.00;2126961.00;1557327.00;0;
2016-06-03 16:00:00;593098.00;17342.00;347542.00;1351.00;26131.00;59798.00;313100.00;0;
2016-06-04 00:00:00;12591378.00;557194.00;4968871.00;32223.00;1359788.00;813160.00;276297.00;0;
2016-06-04 08:00:00;24965561.00;1187390.00;12771691.00;44059.00;1435563.00;2828647.00;1545920.00;0;
2016-06-04 16:00:00;552275.00;15257.00;273207.00;1154.00;22700.00;34963.00;48176.00;0;
2016-06-05 00:00:00;9429093.00;398166.00;3819154.00;23476.00;866360.00;655703.00;361416.00;0;
2016-06-05 08:00:00;15911266.00;707662.00;7979006.00;27833.00;843025.00;1605165.00;1148775.00;0;
2016-06-05 16:00:00;568165.00;14018.00;284380.00;1244.00;22437.00;31639.00;49963.00;0;
2016-06-06 00:00:00;7325438.00;270992.00;3216701.00;14875.00;677730.00;479853.00;423513.00;0;
2016-06-06 08:00:00;11873246.00;468741.00;6028046.00;24397.00;590602.00;894248.00;1029420.00;0;
2016-06-06 16:00:00;772110.00;23882.00;406334.00;1714.00;33566.00;63007.00;201757.00;0;
2016-06-07 00:00:00;11630857.00;499871.00;4567055.00;4755.00;1093705.00;769412.00;287268.00;0;
2016-06-07 08:00:00;26771885.00;1347861.00;14003488.00;59596.00;1644852.00;2985243.00;2399194.00;0;
2016-06-07 16:00:00;497787.00;11966.00;243724.00;1053.00;17375.00;34531.00;39073.00;0;
2016-06-08 00:00:00;3780379.00;104167.00;1647830.00;5090.00;344396.00;214307.00;211547.00;0;
2016-06-08 08:00:00;11884633.00;608176.00;6725410.00;40139.00;825032.00;1030426.00;2304143.00;0;
2016-06-08 16:00:00;908485.00;29863.00;623159.00;6885.00;54262.00;85553.00;669984.00;0;
2016-06-09 00:00:00;7397989.00;299329.00;3222876.00;4579.00;497058.00;491168.00;348770.00;0;
2016-06-09 08:00:00;20260001.00;969247.00;10565631.00;29837.00;1139302.00;2080459.00;2279866.00;0;
2016-06-09 16:00:00;904663.00;29489.00;522820.00;2291.00;45533.00;87431.00;468243.00;0;
2016-06-10 00:00:00;8744024.00;344066.00;3992229.00;20999.00;615293.00;649144.00;414519.00;0;
2016-06-10 08:00:00;16438285.00;784303.00;8567648.00;23748.00;942739.00;1819261.00;1211036.00;0;
2016-06-10 16:00:00;714795.00;23427.00;418276.00;1202.00;36217.00;73780.00;432650.00;0;
2016-06-11 00:00:00;12856393.00;575668.00;5142482.00;33224.00;1397513.00;807990.00;294433.00;0;
2016-06-11 08:00:00;25168858.00;1183229.00;12644958.00;31355.00;1418072.00;2704494.00;1644421.00;0;
2016-06-11 16:00:00;1016610.00;31074.00;643597.00;1531.00;65046.00;94498.00;513525.00;0;
2016-06-12 00:00:00;3476845.00;125409.00;1752998.00;8506.00;164596.00;227130.00;233830.00;0;
2016-06-12 08:00:00;11211025.00;444198.00;5674545.00;26601.00;558018.00;856774.00;886074.00;0;
2016-06-12 16:00:00;1098084.00;37370.00;740519.00;2690.00;45239.00;126876.00;995609.00;0;
2016-06-13 00:00:00;6139696.00;206871.00;2636717.00;12794.00;510889.00;372334.00;327338.00;0;
2016-06-13 08:00:00;19844829.00;954853.00;10524299.00;42359.00;1136056.00;2074197.00;1994231.00;0;
2016-06-13 16:00:00;768068.00;21793.00;419864.00;1894.00;36385.00;63277.00;233580.00;0;
2016-06-14 00:00:00;11910489.00;520869.00;4713614.00;26172.00;1242758.00;738777.00;313114.00;0;
2016-06-14 08:00:00;25329251.00;1263284.00;13297338.00;52635.00;1532029.00;2751322.00;2395181.00;0;
2016-06-14 16:00:00;846372.00;27554.00;599433.00;3368.00;52636.00;88577.00;850957.00;0;
2016-06-15 00:00:00;11983516.00;534727.00;4751177.00;22504.00;1266861.00;749097.00;271238.00;0;
2016-06-15 08:00:00;26149006.00;1302518.00;13499762.00;45547.00;1618778.00;2821761.00;2417738.00;0;
2016-06-15 16:00:00;963243.00;29702.00;647167.00;1273.00;70773.00;79357.00;640095.00;0;
2016-06-16 00:00:00;8133388.00;336043.00;3774372.00;12035.00;490872.00;643590.00;375796.00;0;
2016-06-16 08:00:00;11919423.00;503838.00;5992126.00;9458.00;622253.00;1058048.00;887413.00;0;
2016-06-16 16:00:00;484139.00;14832.00;242464.00;413.00;21769.00;31471.00;49079.00;0;
2016-06-17 00:00:00;9136419.00;368820.00;3598502.00;14929.00;693423.00;528902.00;364328.00;0;
2016-06-17 08:00:00;16553041.00;748896.00;8509407.00;11252.00;905702.00;1559973.00;1693810.00;0;
2016-06-17 16:00:00;267315.00;5549.00;128617.00;193.00;9391.00;15679.00;25130.00;0;
2016-06-18 00:00:00;5808018.00;254301.00;2804182.00;11725.00;377521.00;435507.00;273895.00;0;
2016-06-18 08:00:00;3580246.00;123419.00;1806438.00;3952.00;168892.00;214731.00;230204.00;0;
2016-06-18 16:00:00;241445.00;4086.00;114524.00;240.00;8145.00;11749.00;13590.00;0;
2016-06-19 00:00:00;3250077.00;116045.00;1647637.00;4817.00;158224.00;200423.00;208373.00;0;
2016-06-19 08:00:00;9445574.00;402206.00;5036917.00;11582.00;540688.00;693363.00;1290709.00;0;
2016-06-19 16:00:00;1028335.00;33350.00;703968.00;1618.00;56299.00;115759.00;876201.00;0;
2016-06-20 00:00:00;6187027.00;244458.00;3026210.00;12079.00;330817.00;450089.00;332415.00;0;
2016-06-20 08:00:00;19067257.00;950682.00;10370036.00;15626.00;1251782.00;1807733.00;2836099.00;0;
2016-06-20 16:00:00;597201.00;21325.00;470246.00;984.00;53614.00;70668.00;717653.00;0;
2016-06-21 00:00:00;10706068.00;450379.00;4143052.00;26172.00;1094193.00;688167.00;299518.00;0;
2016-06-21 08:00:00;23165913.00;1120101.00;11855187.00;21999.00;1351333.00;2496900.00;1891720.00;0;
2016-06-21 16:00:00;963894.00;27980.00;698778.00;1730.00;49727.00;102038.00;943340.00;0;
2016-06-22 00:00:00;8340684.00;361363.00;3980926.00;20121.00;548626.00;692337.00;288014.00;0;
2016-06-22 08:00:00;25306746.00;1268806.00;13371665.00;26688.00;1546365.00;2884448.00;2234418.00;0;
2016-06-22 16:00:00;901824.00;28186.00;593907.00;1348.00;58077.00;87868.00;597169.00;0;
2016-06-23 00:00:00;10122068.00;415172.00;4249694.00;21027.00;979998.00;711305.00;342665.00;0;
2016-06-23 08:00:00;17275191.00;780020.00;8578244.00;22735.00;906882.00;1841739.00;873809.00;0;
2016-06-23 16:00:00;334873.00;7676.00;161615.00;452.00;12549.00;16965.00;21580.00;0;
2016-06-24 00:00:00;7761356.00;301099.00;3577384.00;17133.00;533490.00;583577.00;379078.00;0;
2016-06-24 08:00:00;19931042.00;924219.00;10087049.00;20678.00;1107229.00;2087150.00;1835449.00;0;
2016-06-24 16:00:00;658522.00;18259.00;327847.00;928.00;28159.00;40963.00;58264.00;0;
2016-06-25 00:00:00;1975443.00;61526.00;968821.00;2861.00;81152.00;121155.00;130855.00;0;
2016-06-25 08:00:00;14885501.00;705571.00;8062445.00;16506.00;907435.00;1307664.00;2149807.00;0;
2016-06-25 16:00:00;709724.00;23095.00;546334.00;1108.00;50031.00;64644.00;657777.00;0;
2016-06-26 00:00:00;11328435.00;492450.00;4481644.00;29038.00;1162370.00;718683.00;266583.00;0;
2016-06-26 08:00:00;23465888.00;1103563.00;11757683.00;27819.00;1315506.00;2622132.00;1225843.00;0;
2016-06-26 16:00:00;1011738.00;30506.00;529817.00;1496.00;47260.00;73602.00;219423.00;0;
2016-06-27 00:00:00;8479292.00;325851.00;3690603.00;15261.00;550995.00;555322.00;393637.00;0;
2016-06-27 08:00:00;20912459.00;949718.00;10418709.00;24383.00;1149711.00;2216577.00;1365375.00;0;
2016-06-27 16:00:00;274365.00;5397.00;128625.00;344.00;8065.00;16435.00;17376.00;0;
2016-06-28 00:00:00;1543287.00;50711.00;768286.00;2152.00;67307.00;85362.00;101965.00;0;
2016-06-28 08:00:00;14854790.00;722831.00;8121342.00;14041.00;953980.00;1275650.00;2410362.00;0;
2016-06-28 16:00:00;620779.00;23353.00;563030.00;1275.00;46578.00;84389.00;1028938.00;0;
2016-06-29 00:00:00;7443704.00;297593.00;3394563.00;16076.00;459363.00;551427.00;396625.00;0;
2016-06-29 08:00:00;13085336.00;575886.00;6705742.00;15645.00;711750.00;1224978.00;1412642.00;0;
2016-06-29 16:00:00;743788.00;24305.00;505732.00;1144.00;38027.00;78110.00;557110.00;0;
2016-06-30 00:00:00;11374092.00;498804.00;4530404.00;28628.00;1194478.00;695556.00;236431.00;0;
2016-06-30 08:00:00;25711567.00;1297370.00;13409429.00;25164.00;1592502.00;2887802.00;2235888.00;0;
2016-06-30 16:00:00;713429.00;19836.00;527130.00;1151.00;45678.00;75419.00;739899.00;0;
2016-07-01 00:00:00;10905517.00;474877.00;4188411.00;27287.00;934088.00;525506.00;200316.00;0;
2016-07-01 08:00:00;20773030.00;969423.00;10468496.00;27058.00;1163596.00;2256879.00;1290536.00;0;
2016-07-01 16:00:00;1041142.00;34087.00;542591.00;1398.00;47094.00;79312.00;209406.00;0;
2016-07-02 00:00:00;9755280.00;408536.00;3800078.00;23970.00;1031568.00;606091.00;313251.00;0;
2016-07-02 08:00:00;25192624.00;1302406.00;13369218.00;22701.00;1616989.00;2751366.00;2836923.00;0;
2016-07-02 16:00:00;604113.00;22995.00;533272.00;1211.00;45362.00;82463.00;972670.00;0;
2016-07-03 00:00:00;6337327.00;228438.00;2496630.00;10488.00;744985.00;367369.00;296983.00;0;
2016-07-03 08:00:00;14273090.00;642910.00;7169144.00;18407.00;746421.00;1490365.00;908792.00;0;
2016-07-03 16:00:00;151495.00;2086.00;67254.00;190.00;4214.00;9524.00;11278.00;0;
2016-07-04 00:00:00;785019.00;21602.00;392034.00;1091.00;30923.00;39596.00;42288.00;0;
2016-07-04 08:00:00;2979719.00;102697.00;1520933.00;4168.00;134201.00;178600.00;195197.00;0;
2016-07-04 16:00:00;150137.00;1516.00;67850.00;190.00;3329.00;8582.00;9707.00;0;
2016-07-05 00:00:00;1096936.00;30267.00;547839.00;1486.00;42071.00;46091.00;55447.00;0;
2016-07-05 08:00:00;4196863.00;152151.00;2128728.00;5993.00;193496.00;259424.00;271535.00;0;
2016-07-05 16:00:00;278696.00;6129.00;131660.00;383.00;9841.00;11841.00;14430.00;0;
2016-07-06 00:00:00;1062400.00;31426.00;533920.00;1941.00;40731.00;55969.00;61964.00;0;
2016-07-06 08:00:00;5406395.00;199463.00;2745006.00;9849.00;254040.00;341127.00;365033.00;0;
2016-07-06 16:00:00;318803.00;6794.00;154854.00;562.00;10858.00;18077.00;21172.00;0;
2016-07-07 00:00:00;3050208.00;109924.00;1552975.00;5565.00;144327.00;196096.00;201240.00;0;
2016-07-07 08:00:00;6842012.00;265411.00;3524404.00;11934.00;343856.00;454966.00;595806.00;0;
2016-07-07 16:00:00;1146461.00;36486.00;655236.00;1894.00;56169.00;86213.00;350576.00;0;
2016-07-08 00:00:00;2748332.00;93915.00;1382641.00;5081.00;124814.00;169022.00;184691.00;0;
2016-07-08 08:00:00;7478450.00;282602.00;3805894.00;13819.00;360714.00;513730.00;538204.00;0;
2016-07-08 16:00:00;410668.00;10109.00;204181.00;748.00;15407.00;20256.00;28591.00;0;
2016-07-09 00:00:00;2857861.00;99840.00;1446936.00;5389.00;137404.00;178143.00;187340.00;0;
2016-07-09 08:00:00;11552019.00;509210.00;6167063.00;17222.00;658611.00;881141.00;1492143.00;0;
2016-07-09 16:00:00;853500.00;24876.00;444865.00;1344.00;40109.00;53777.00;120262.00;0;
2016-07-10 00:00:00;11291445.00;512595.00;4398746.00;30756.00;1190720.00;719483.00;234820.00;0;
2016-07-10 08:00:00;17641935.00;848142.00;9132953.00;29821.00;1005295.00;1890830.00;1076054.00;0;
2016-07-10 16:00:00;683825.00;22176.00;452158.00;1267.00;34359.00;79275.00;589567.00;0;
2016-07-11 00:00:00;11076291.00;496269.00;4353027.00;29376.00;1193032.00;723315.00;242402.00;0;
2016-07-11 08:00:00;23472419.00;1169480.00;12309560.00;30973.00;1425328.00;2575968.00;2307985.00;0;
2016-07-11 16:00:00;786583.00;23712.00;393008.00;1336.00;34786.00;56327.00;65786.00;0;
2016-07-12 00:00:00;5637924.00;250849.00;2743353.00;13223.00;321194.00;484659.00;256355.00;0;
2016-07-12 08:00:00;15144114.00;719523.00;7815185.00;23830.00;849181.00;1521783.00;1164033.00;0;
2016-07-12 16:00:00;474264.00;17615.00;342574.00;882.00;27420.00;52928.00;448469.00;0;
2016-07-13 00:00:00;4145635.00;155019.00;2078456.00;7999.00;195554.00;283876.00;262463.00;0;
2016-07-13 08:00:00;21056902.00;1073947.00;11331920.00;26925.00;1328998.00;2242475.00;2421804.00;0;
2016-07-13 16:00:00;510920.00;22209.00;504963.00;1115.00;34999.00;75113.00;977196.00;0;
2016-07-14 00:00:00;9224725.00;406101.00;4119884.00;23315.00;682110.00;746242.00;329466.00;0;
2016-07-14 08:00:00;21170158.00;1073749.00;11315428.00;26635.00;1357635.00;2234540.00;2577322.00;0;
2016-07-14 16:00:00;471929.00;21747.00;486427.00;1061.00;33210.00;79523.00;997011.00;0;
2016-07-15 00:00:00;5356828.00;191070.00;2501034.00;10877.00;372244.00;354326.00;322784.00;0;
2016-07-15 08:00:00;6540793.00;250885.00;3296971.00;11120.00;322508.00;472376.00;460016.00;0;
2016-07-15 16:00:00;555413.00;15069.00;283799.00;1027.00;23677.00;39998.00;80106.00;0;
2016-07-16 00:00:00;1891989.00;62181.00;940515.00;3520.00;85948.00;114782.00;115549.00;0;
2016-07-16 08:00:00;12845311.00;661504.00;7211727.00;11435.00;859180.00;1217706.00;2247264.00;0;
2016-07-16 16:00:00;618480.00;20209.00;458426.00;1116.00;31627.00;74760.00;689130.00;0;
2016-07-17 00:00:00;7865410.00;336463.00;3574756.00;20421.00;606940.00;700198.00;285934.00;0;
2016-07-17 08:00:00;14806724.00;685290.00;7698274.00;26480.00;788222.00;1577091.00;1026599.00;0;
2016-07-17 16:00:00;651977.00;21250.00;364867.00;1493.00;28500.00;64810.00;231698.00;0;
2016-07-18 00:00:00;5618386.00;220763.00;2732865.00;4212.00;288246.00;424906.00;317842.00;0;
2016-07-18 08:00:00;20170692.00;964467.00;10614318.00;28658.00;1150928.00;2098682.00;2122884.00;0;
2016-07-18 16:00:00;1151599.00;42876.00;809143.00;7104.00;48584.00;125931.00;964379.00;0;
2016-07-19 00:00:00;10660574.00;477256.00;4073000.00;3625.00;1162560.00;734391.00;227955.00;0;
2016-07-19 08:00:00;26554636.00;1334709.00;14080945.00;36857.00;1630719.00;3122558.00;2539136.00;0;
2016-07-19 16:00:00;838935.00;28597.00;577722.00;4970.00;40244.00;99108.00;775992.00;0;
2016-07-20 00:00:00;10619580.00;470294.00;4202991.00;3503.00;1100522.00;755236.00;250058.00;0;
2016-07-20 08:00:00;20116123.00;951496.00;10229989.00;12425.00;1129090.00;2387105.00;887556.00;0;
2016-07-20 16:00:00;194168.00;2989.00;89761.00;148.00;5301.00;9972.00;12127.00;0;
2016-07-21 00:00:00;2762895.00;96370.00;1388950.00;2628.00;123501.00;180770.00;195143.00;0;
2016-07-21 08:00:00;10746016.00;440395.00;5542414.00;14641.00;549212.00;827667.00;1103771.00;0;
2016-07-21 16:00:00;615716.00;18283.00;311336.00;734.00;26837.00;40851.00;56456.00;0;
2016-07-22 00:00:00;2697983.00;98286.00;1361447.00;2331.00;133360.00;180452.00;167691.00;0;
2016-07-22 08:00:00;5920551.00;219527.00;3009240.00;5712.00;284408.00;394384.00;427570.00;0;
2016-07-22 16:00:00;186351.00;2514.00;85456.00;138.00;4473.00;10088.00;10545.00;0;
2016-07-23 00:00:00;2182124.00;76106.00;1107615.00;2063.00;101263.00;140921.00;153490.00;0;
2016-07-23 08:00:00;11468556.00;465615.00;5897352.00;14819.00;582602.00;902068.00;1105242.00;0;
2016-07-23 16:00:00;705870.00;21811.00;364790.00;1100.00;31939.00;49748.00;81922.00;0;
2016-07-24 00:00:00;7970354.00;353087.00;3149456.00;3374.00;719584.00;669796.00;232753.00;0;
2016-07-24 08:00:00;17132046.00;832019.00;9000402.00;23648.00;1007121.00;1905961.00;1754874.00;0;
2016-07-24 16:00:00;635243.00;18649.00;382184.00;2943.00;32241.00;52466.00;275101.00;0;
2016-07-25 00:00:00;8730802.00;393345.00;3582648.00;3365.00;718152.00;748468.00;232121.00;0;
2016-07-25 08:00:00;16508214.00;810053.00;8650924.00;15493.00;961105.00;2015976.00;1248689.00;0;
2016-07-25 16:00:00;436347.00;15992.00;349334.00;4160.00;25033.00;49367.00;501001.00;0;
2016-07-26 00:00:00;9269554.00;408397.00;3461616.00;3383.00;948031.00;731256.00;240564.00;0;
2016-07-26 08:00:00;21870505.00;1103910.00;11561675.00;29231.00;1353628.00;2850920.00;2127509.00;0;
2016-07-26 16:00:00;673545.00;23352.00;440018.00;2678.00;37105.00;68537.00;463860.00;0;
2016-07-27 00:00:00;142881.00;2421.00;65888.00;210.00;22683.00;10063.00;11038.00;0;
2016-07-27 08:00:00;0.00;0.00;0.00;0.00;0.00;0.00;0.00;0;
2016-07-27 16:00:00;0.00;0.00;0.00;0.00;0.00;0.00;0.00;0;
2016-07-28 00:00:00;0.00;0.00;0.00;0.00;0.00;0.00;0.00;0;
2016-07-28 08:00:00;0.00;0.00;0.00;0.00;0.00;0.00;0.00;0;
2016-07-28 16:00:00;0.00;0.00;0.00;0.00;0.00;0.00;0.00;0;
2016-07-29 00:00:00;0.00;0.00;0.00;0.00;0.00;0.00;0.00;0;
2016-07-29 08:00:00;0.00;0.00;0.00;0.00;0.00;0.00;0.00;0;
2016-07-29 16:00:00;0.00;0.00;0.00;0.00;0.00;0.00;0.00;0;
2016-07-30 00:00:00;0.00;0.00;0.00;0.00;0.00;0.00;0.00;0;
2016-07-30 08:00:00;0.00;0.00;0.00;0.00;0.00;0.00;0.00;0;
2016-07-30 16:00:00;0.00;0.00;0.00;0.00;0.00;0.00;0.00;0;
2016-07-31 00:00:00;0.00;0.00;0.00;0.00;0.00;0.00;0.00;0;
2016-07-31 08:00:00;0.00;0.00;0.00;0.00;0.00;0.00;0.00;0;
2016-07-31 16:00:00;0.00;0.00;0.00;0.00;0.00;0.00;0.00;0;
2016-08-01 00:00:00;371151.00;18273.00;185143.00;901.00;23644.00;45027.00;8316.00;0;
2016-08-01 08:00:00;9278131.00;421414.00;4579842.00;22679.00;517682.00;1082093.00;457764.00;0;
2016-08-01 16:00:00;92977.00;164.00;41760.00;193.00;1617.00;3397.00;7115.00;0;
2016-08-02 00:00:00;3866796.00;166255.00;1711763.00;8007.00;258497.00;323741.00;164301.00;0;
2016-08-02 08:00:00;9646228.00;497497.00;5196803.00;26183.00;621405.00;1173479.00;1083638.00;0;
2016-08-02 16:00:00;120410.00;5372.00;137595.00;402.00;5109.00;27811.00;379196.00;0;
2016-08-03 00:00:00;3917779.00;179639.00;1439493.00;7921.00;336697.00;339071.00;108695.00;0;
2016-08-03 08:00:00;8219563.00;417729.00;4505653.00;21475.00;524636.00;899990.00;1180213.00;0;
2016-08-03 16:00:00;164078.00;8568.00;180048.00;574.00;7342.00;32382.00;435356.00;0;
2016-08-04 00:00:00;3726595.00;139172.00;1460583.00;6637.00;446170.00;277999.00;187626.00;0;
2016-08-04 08:00:00;3446715.00;134935.00;1716181.00;7002.00;175738.00;284132.00;216290.00;0;
2016-08-04 16:00:00;98088.00;1722.00;46879.00;192.00;2873.00;5716.00;7270.00;0;
2016-08-05 00:00:00;3435326.00;140396.00;1627896.00;6896.00;221358.00;293981.00;183371.00;0;
2016-08-05 08:00:00;7955692.00;364162.00;4069041.00;18852.00;442855.00;875947.00;706409.00;0;
2016-08-05 16:00:00;353555.00;9932.00;181269.00;732.00;15053.00;23791.00;46206.00;0;
2016-08-06 00:00:00;978116.00;32036.00;490029.00;1877.00;43363.00;55923.00;65742.00;0;
2016-08-06 08:00:00;5832429.00;275329.00;3231558.00;14374.00;367696.00;483027.00;958191.00;0;
2016-08-06 16:00:00;182516.00;6198.00;148520.00;514.00;7631.00;21446.00;219806.00;0;
2016-08-07 00:00:00;2354669.00;86290.00;1187123.00;4568.00;110426.00;155462.00;154162.00;0;
2016-08-07 08:00:00;6836721.00;276960.00;3473784.00;13997.00;348661.00;544724.00;559543.00;0;
2016-08-07 16:00:00;216221.00;4704.00;105032.00;429.00;7223.00;11811.00;20442.00;0;
2016-08-08 00:00:00;3954879.00;166911.00;1316715.00;8099.00;465958.00;327353.00;94619.00;0;
2016-08-08 08:00:00;9875979.00;497446.00;5220830.00;27003.00;628407.00;1337368.00;817334.00;0;
2016-08-08 16:00:00;176848.00;5610.00;137504.00;468.00;8127.00;24226.00;236415.00;0;
2016-08-09 00:00:00;1507433.00;57619.00;736715.00;3058.00;100381.00;125345.00;75189.00;0;
2016-08-09 08:00:00;8997471.00;456951.00;4852327.00;22823.00;569736.00;1136079.00;1094650.00;0;
2016-08-09 16:00:00;142790.00;5878.00;143494.00;418.00;7514.00;26319.00;358977.00;0;
2016-08-10 00:00:00;3792963.00;157971.00;1536705.00;7910.00;427240.00;365132.00;129117.00;0;
2016-08-10 08:00:00;7307871.00;329975.00;3703688.00;17605.00;412736.00;839790.00;540137.00;0;
2016-08-10 16:00:00;275301.00;7911.00;156094.00;595.00;11885.00;22997.00;93207.00;0;
2016-08-11 00:00:00;688221.00;21736.00;343824.00;1333.00;29917.00;40024.00;43374.00;0;
2016-08-11 08:00:00;6323771.00;266077.00;3248226.00;13618.00;325022.00;572001.00;525597.00;0;
2016-08-11 16:00:00;413051.00;15016.00;259196.00;970.00;18149.00;40087.00;253459.00;0;
2016-08-12 00:00:00;4950251.00;214418.00;1631563.00;10883.00;541749.00;463444.00;119304.00;0;
2016-08-12 08:00:00;13373931.00;710039.00;7278527.00;38721.00;915441.00;1855008.00;1450398.00;0;
2016-08-12 16:00:00;157505.00;5604.00;143817.00;407.00;5219.00;26073.00;369056.00;0;
2016-08-13 00:00:00;3075849.00;115958.00;1467087.00;6015.00;167818.00;227462.00;168930.00;0;
2016-08-13 08:00:00;3970003.00;149410.00;1988674.00;7825.00;193725.00;279539.00;246049.00;0;
2016-08-13 16:00:00;20873.00;-974.00;3720.00;36.00;-231.00;3128.00;3591.00;0;
2016-08-14 00:00:00;2177370.00;80702.00;1085081.00;4337.00;104329.00;157267.00;139277.00;0;
2016-08-14 08:00:00;8366784.00;396452.00;4533425.00;21222.00;484514.00;905205.00;1151101.00;0;
2016-08-14 16:00:00;215895.00;8379.00;172637.00;584.00;8416.00;31285.00;295891.00;0;
2016-08-15 00:00:00;3094959.00;123584.00;1466265.00;6472.00;172093.00;271534.00;160939.00;0;
2016-08-15 08:00:00;7812279.00;403984.00;4267708.00;22533.00;514617.00;1082783.00;1025696.00;0;
2016-08-15 16:00:00;178779.00;5481.00;123025.00;454.00;8113.00;21039.00;152717.00;0;
2016-08-16 00:00:00;746659.00;24176.00;373462.00;1454.00;31557.00;44333.00;46110.00;0;
2016-08-16 08:00:00;1993083.00;70919.00;1018149.00;3865.00;96450.00;118205.00;127629.00;0;
2016-08-16 16:00:00;56685.00;-419.00;21961.00;110.00;559.00;4418.00;4668.00;0;
2016-08-17 00:00:00;3158987.00;130790.00;1306175.00;7087.00;236164.00;320334.00;119923.00;0;
2016-08-17 08:00:00;7978703.00;376302.00;4114451.00;20335.00;469254.00;1035148.00;625274.00;0;
2016-08-17 16:00:00;178772.00;3892.00;94990.00;392.00;6269.00;17724.00;79426.00;0;
2016-08-18 00:00:00;1354788.00;50362.00;657029.00;2782.00;67459.00;106675.00;74957.00;0;
2016-08-18 08:00:00;10961853.60;483942.96;4268145.76;25785.76;574589.24;844244.75;759047.41;0;
2016-08-18 16:00:00;289025.27;6825.00;154112.34;604.48;11196.53;17393.90;44180.31;0;
2016-08-19 00:00:00;4123981.87;178095.17;1914422.32;9623.44;255059.07;444620.51;159826.04;0;
2016-08-19 08:00:00;22432884.41;1231431.30;12328936.92;68582.27;1605092.55;3510446.67;2647436.90;0;
2016-08-19 16:00:00;108952.99;5622.45;124631.09;310.02;3424.80;25413.68;394675.73;0;
2016-08-20 00:00:00;2488557.61;92018.96;1221460.11;4967.46;121985.76;184985.42;148647.94;0;
2016-08-20 08:00:00;13744934.75;696446.91;7463229.27;38126.28;891690.18;1754302.24;1977734.30;0;
2016-08-20 16:00:00;150890.79;5429.79;129967.38;390.83;5861.70;24656.01;292903.75;0;
2016-08-21 00:00:00;6204282.83;242972.89;2406938.21;13855.68;573912.17;667179.53;221555.85;0;
2016-08-21 08:00:00;19332831.82;981130.88;10113864.72;54972.27;1273310.66;2908819.40;1781653.69;0;
2016-08-21 16:00:00;265729.12;7709.21;153967.27;601.27;11608.42;29170.29;161758.80;0;
2016-08-22 00:00:00;7017915.67;305783.42;2514665.29;16849.42;630718.99;846792.79;178206.26;0;
2016-08-22 08:00:00;10476472.85;453911.58;5259963.54;25254.99;568090.71;1295334.40;519406.65;0;
2016-08-22 16:00:00;4925.12;-1265.51;2380.86;7.52;-906.82;5546.84;4387.80;0;
2016-08-23 00:00:00;1656723.77;57708.42;839092.67;3196.78;78145.34;103827.92;114859.52;0;
2016-08-23 08:00:00;12873116.81;625287.11;6922484.79;38559.34;798893.02;1647129.79;1693586.45;0;
2016-08-23 16:00:00;259682.29;7991.41;170447.97;860.80;12833.65;22917.20;156652.71;0;
2016-08-24 00:00:00;6097051.90;255146.95;2200836.81;4858.57;602040.14;709500.81;197113.79;0;
2016-08-24 08:00:00;15698405.55;827328.92;8648375.67;56788.94;1101270.71;2304739.54;2380215.84;0;
2016-08-24 16:00:00;86542.56;3648.67;96631.57;288.21;1553.21;21866.19;364147.78;0;
2016-08-25 00:00:00;2801049.29;95728.31;1332230.77;4915.14;174315.90;192121.02;182642.04;0;
2016-08-25 08:00:00;3823802.73;142061.47;1938485.53;8197.58;184663.21;252759.86;328399.42;0;
2016-08-25 16:00:00;123505.36;3886.23;95541.47;471.94;4847.58;20699.23;215700.50;0;
2016-08-26 00:00:00;5848486.87;277857.56;2307256.86;5454.60;458036.62;739647.74;162742.72;0;
2016-08-26 08:00:00;15057574.52;711491.72;7600478.17;31776.41;900159.47;2276191.64;580099.40;0;
2016-08-26 16:00:00;42788.23;-1000.88;21525.07;82.13;106.41;4126.57;4676.55;0;
2016-08-27 00:00:00;5432763.56;231391.76;2029141.31;5333.86;426172.36;648377.06;193245.19;0;
2016-08-27 08:00:00;19858648.58;1020492.18;10478016.34;56258.44;1337285.07;3223228.81;1771229.65;0;
2016-08-27 16:00:00;73411.38;230.61;38603.75;180.71;1218.87;9775.11;11023.47;0;
2016-08-28 00:00:00;7320432.29;330354.50;2483452.85;4296.88;664322.29;988459.51;142492.88;0;
2016-08-28 08:00:00;22098653.08;1124051.73;11620453.31;60950.28;1456444.72;3629590.26;1688605.78;0;
2016-08-28 16:00:00;121361.03;1613.13;63757.24;309.28;3121.84;11456.08;15361.26;0;
2016-08-29 00:00:00;2304768.97;79489.53;1125533.77;4194.49;108584.76;152410.47;140186.49;0;
2016-08-29 08:00:00;4268000.29;154571.73;2127150.08;8315.65;200731.26;290109.10;280048.83;0;
2016-08-29 16:00:00;969.01;-1771.59;253.81;2.58;-883.53;4078.30;4250.50;0;
2016-08-30 00:00:00;902102.82;24678.23;457119.27;1777.32;36377.10;48912.20;53634.49;0;
2016-08-30 08:00:00;5099393.89;219971.51;2743775.27;14538.24;264962.58;437174.43;845315.48;0;
2016-08-30 16:00:00;54933.56;1212.49;54285.97;176.33;294.84;13538.38;231177.68;0;
2016-08-31 00:00:00;6851436.75;319568.61;2168635.70;3964.39;660967.88;986404.75;134230.02;0;
2016-08-31 08:00:00;20335049.76;1115139.77;11339992.88;54860.16;1525639.67;3707706.37;2284214.19;0;
2016-08-31 16:00:00;66177.70;536.24;47536.56;127.82;1944.32;12671.75;105207.75;0;
2016-09-01 00:00:00;1348611.54;43045.06;680872.79;2075.50;59080.80;77912.14;81312.55;0;
2016-09-01 08:00:00;4660951.95;202585.69;2510461.93;11499.71;264723.69;422242.70;742910.61;0;
2016-09-01 16:00:00;83193.16;908.49;50184.11;306.68;3090.77;11517.01;41320.14;0;
2016-09-02 00:00:00;4874471.51;224435.09;2030800.56;3539.71;366475.01;653479.89;169281.36;0;
2016-09-02 08:00:00;15412306.09;759120.19;7958995.15;34174.31;971893.53;2408543.81;1380721.02;0;
2016-09-02 16:00:00;51686.31;551.89;41487.84;201.58;649.82;12090.71;146574.07;0;
2016-09-03 00:00:00;6460761.16;296072.02;2069132.59;1923.41;637416.89;1000494.38;128868.34;0;
2016-09-03 08:00:00;20060742.03;1072672.83;10972095.76;55177.25;1498577.87;3779646.23;2083492.22;0;
2016-09-03 16:00:00;44201.10;254.35;33715.35;165.58;704.56;11281.70;103779.71;0;
2016-09-04 00:00:00;855001.93;23810.42;414308.93;1338.72;31273.50;45367.55;48146.01;0;
2016-09-04 08:00:00;4948946.09;187713.82;2486404.80;8365.37;240662.76;318065.58;354812.81;0;
2016-09-04 16:00:00;60946.02;266.09;34931.97;195.25;928.82;9168.99;18869.46;0;
2016-09-05 00:00:00;2998021.31;124575.24;1398656.78;3344.37;184643.52;329763.57;147759.90;0;
2016-09-05 08:00:00;15213911.11;806471.57;8360734.17;46825.15;1120043.11;2732509.70;1778120.80;0;
2016-09-05 16:00:00;46976.77;-362.99;30518.72;189.91;623.98;9748.44;61516.60;0;
2016-09-06 00:00:00;6296615.49;285258.32;2045684.91;2009.86;636641.42;976130.94;127593.85;0;
2016-09-06 08:00:00;18608777.95;916019.83;9636376.53;39523.43;1231572.38;3138843.98;1277460.87;0;
2016-09-06 16:00:00;50362.37;-1066.01;26503.60;97.35;49.08;4052.45;6648.14;0;
2016-09-07 00:00:00;1752932.75;65554.42;864462.88;2491.31;82727.19;135373.05;98489.75;0;
2016-09-07 08:00:00;9686100.83;460716.27;5200414.46;29533.31;599379.00;1347898.30;1454171.09;0;
2016-09-07 16:00:00;31119.14;-959.97;18453.45;89.75;-584.45;7679.03;33535.03;0;
2016-09-08 00:00:00;5127383.57;222060.32;1565122.38;2006.44;555157.54;908896.05;128216.86;0;
2016-09-08 08:00:00;11446966.75;599156.95;6618661.07;40910.07;833774.99;1868011.58;1978230.49;0;
2016-09-08 16:00:00;17915.18;-1550.52;11906.97;63.10;-872.92;6077.54;31621.75;0;
2016-09-09 00:00:00;5212467.38;212994.11;1710083.26;2429.88;474928.89;844229.59;138239.84;0;
2016-09-09 08:00:00;15265733.88;799966.26;8385715.40;44437.98;1144884.80;2801623.39;2010013.18;0;
2016-09-09 16:00:00;17779.04;-1554.24;12426.72;77.22;-677.11;6599.68;30537.01;0;
2016-09-10 00:00:00;2183322.00;77190.10;1019034.19;2903.69;115179.82;176468.46;117338.54;0;
2016-09-10 08:00:00;2899482.44;98462.15;1446374.44;4714.81;130884.58;182703.91;186206.25;0;
2016-09-10 16:00:00;129.82;-1764.69;43.66;-1.29;-1405.12;4596.21;3401.62;0;
2016-09-11 00:00:00;1621699.09;58002.45;797739.21;2372.96;74711.21;119887.71;89507.26;0;
2016-09-11 08:00:00;11490625.27;528901.45;5766824.69;22466.45;729760.05;1746883.08;732401.26;0;
2016-09-11 16:00:00;27002.51;-917.51;16304.32;97.55;-69.99;4895.34;18901.73;0;
2016-09-12 00:00:00;4378000.73;195437.64;1706974.72;3213.84;357124.30;712153.31;162938.13;0;
2016-09-12 08:00:00;15803057.70;824114.37;8936963.86;47906.74;1255259.60;3215347.30;2105176.50;0;
2016-09-12 16:00:00;11086.78;-1256.00;7113.55;60.76;-961.91;5508.99;8864.68;0;
2016-09-13 00:00:00;4994733.72;222122.60;1576409.57;1760.57;545302.63;1041771.21;113828.63;0;
2016-09-13 08:00:00;18717435.24;996712.80;10593347.42;58473.35;1533137.73;4079164.19;2298020.05;0;
2016-09-13 16:00:00;11442.46;-1517.10;7141.02;35.99;-985.06;5141.80;14582.74;0;
2016-09-14 00:00:00;4879438.68;216270.52;1553618.35;1620.16;538024.04;1030814.15;105929.61;0;
2016-09-14 08:00:00;18104861.54;959125.28;10333921.16;56290.58;1499255.12;4031848.49;2275302.93;0;
2016-09-14 16:00:00;8001.29;-1534.56;5142.45;32.41;-1166.64;5105.85;12221.83;0;
2016-09-15 00:00:00;3426709.56;139577.73;1416857.66;3261.71;269694.32;494370.05;153599.54;0;
2016-09-15 08:00:00;5577144.18;219311.52;2827090.97;10888.92;275704.26;535047.83;496906.70;0;
2016-09-15 16:00:00;5378.04;-1635.31;3357.58;21.51;-917.57;4415.88;8392.36;0;
2016-09-16 00:00:00;1683100.64;56814.05;829061.14;2523.85;75510.52;119895.21;108579.70;0;
2016-09-16 08:00:00;4461754.56;169771.44;2220755.39;7281.51;225533.32;393235.36;287108.50;0;
2016-09-16 16:00:00;294.16;-1421.70;133.03;-0.77;-943.87;4183.91;3279.75;0;
2016-09-17 00:00:00;2216961.09;85540.53;1072302.81;2873.16;113557.13;183196.05;105370.78;0;
2016-09-17 08:00:00;9200961.63;415387.72;4710330.56;17251.93;527520.94;1310641.93;583560.13;0;
2016-09-17 16:00:00;255.14;-1411.49;72.74;-0.58;-1431.63;3360.56;3059.20;0;
2016-09-18 00:00:00;1538014.65;51864.85;771483.13;2461.77;66948.18;99586.99;98657.14;0;
2016-09-18 08:00:00;6008274.06;246266.66;3192338.36;14755.59;303110.70;605462.69;781313.12;0;
2016-09-18 16:00:00;3094.14;-1622.53;1667.22;8.09;-1419.38;4003.98;3716.88;0;
2016-09-19 00:00:00;4080304.82;204301.61;1387763.55;1783.52;416088.29;901507.84;91330.68;0;
2016-09-19 08:00:00;16528470.71;913342.58;9863451.11;55962.46;1483593.87;4135122.89;2129254.76;0;
2016-09-19 16:00:00;306.11;-1933.62;204.24;1.88;-1291.73;2863.95;3408.08;0;
2016-09-20 00:00:00;3948272.26;184661.32;1261071.68;1941.99;458631.09;870965.29;103102.30;0;
2016-09-20 08:00:00;15620375.38;866818.30;9384718.10;53486.50;1434551.00;4007434.79;2024097.80;0;
2016-09-20 16:00:00;490.00;-1786.74;234.64;3.75;-1128.33;5163.53;3206.68;0;
2016-09-21 00:00:00;730734.30;19240.03;364967.23;1167.76;27821.83;37634.23;39229.40;0;
2016-09-21 08:00:00;3831825.10;137307.23;1919653.77;6299.90;174510.38;234846.65;251396.80;0;
2016-09-21 16:00:00;0.00;-1995.30;0.00;0.00;-1499.12;4600.80;2664.78;0;
2016-09-22 00:00:00;1009754.73;32084.96;507262.75;1566.97;44927.79;61014.27;61487.23;0;
2016-09-22 08:00:00;2969339.49;100363.50;1484284.59;4821.30;133587.20;178896.78;180703.24;0;
2016-09-22 16:00:00;30.76;-1790.96;24.88;-0.57;-1104.71;4585.22;2551.82;0;
2016-09-23 00:00:00;720480.73;21667.66;365776.13;1175.15;29467.94;43829.70;45262.06;0;
2016-09-23 08:00:00;2325097.80;80470.28;1194388.19;3824.77;108984.15;135528.12;150634.82;0;
2016-09-23 16:00:00;0.00;-2019.84;0.00;0.00;-1160.96;4553.75;2986.30;0;
2016-09-24 00:00:00;1308040.04;46211.56;667114.14;2002.83;58289.83;103640.18;80139.43;0;
2016-09-24 08:00:00;7398816.94;335351.14;4010646.59;16447.46;447282.21;1048258.35;662099.07;0;
2016-09-24 16:00:00;0.00;-2011.03;0.00;0.00;-1511.47;3757.75;2901.03;0;
2016-09-25 00:00:00;1333666.84;44652.07;671672.12;2083.96;59240.54;90065.62;82075.63;0;
2016-09-25 08:00:00;4132203.60;155906.48;2096806.27;7361.84;197866.38;314450.54;299791.53;0;
2016-09-25 16:00:00;0.00;-1896.00;0.00;0.00;-1528.07;3386.52;3047.54;0;
2016-09-26 00:00:00;1860376.90;81460.87;886793.79;2191.30;122409.09;258165.32;85290.55;0;
2016-09-26 08:00:00;12382002.36;649053.29;8091617.76;47554.43;1272733.72;3738102.28;1542702.21;0;
2016-09-26 16:00:00;0.00;-1680.22;0.00;0.00;-1334.30;4865.51;2989.18;0;
2016-09-27 00:00:00;662533.50;18253.47;336938.48;1064.57;25680.30;37278.42;15807.55;0;
2016-09-27 08:00:00;7184580.21;282635.14;4209544.33;27150.02;496313.62;1416537.55;9222.40;0;
2016-09-27 16:00:00;0.00;-1990.63;0.00;-0.10;-1500.79;2810.03;1655.70;0;
2016-09-28 00:00:00;404288.56;9193.02;207098.95;652.08;13024.62;19007.93;5489.63;0;
2016-09-28 08:00:00;4331279.23;168576.00;2224322.85;8249.33;216482.97;401006.36;9722.98;0;
2016-09-28 16:00:00;0.00;-1570.44;0.00;0.00;-1172.08;2944.84;1932.67;0;
2016-09-29 00:00:00;1190539.79;40540.64;601035.59;1810.05;53774.63;76307.58;5164.46;0;
2016-09-29 08:00:00;4214715.55;160507.99;2183343.69;8615.53;216501.67;427142.18;9049.25;0;
2016-09-29 16:00:00;0.00;-1995.66;0.00;0.00;-1520.26;2560.42;1876.42;0;
2016-09-30 00:00:00;2409007.92;89091.90;1005991.47;4199.40;236732.36;468050.21;5486.90;0;
2016-09-30 08:00:00;6030226.68;268111.92;3561902.89;18914.67;438231.80;1218227.15;9710.97;0;
2016-09-30 16:00:00;0.00;-1533.65;0.00;0.00;-1519.65;3669.32;2023.97;0;
2016-10-01 00:00:00;2152051.81;66708.52;854021.83;3366.90;232597.84;401375.65;5651.36;0;
2016-10-01 08:00:00;7932612.23;363363.11;5227601.49;33586.51;783065.01;2145741.96;9674.85;0;
2016-10-01 16:00:00;0.00;-1748.62;0.00;0.00;-1353.84;4116.11;1896.28;0;
2016-10-02 00:00:00;2682208.74;128684.98;824193.23;2603.34;424185.60;881621.50;5647.03;0;
2016-10-02 08:00:00;10204253.23;566934.37;7229058.63;49024.64;1209889.94;3651216.18;9960.16;0;
2016-10-02 16:00:00;0.00;-1707.29;0.00;0.00;-1535.59;4765.24;1788.59;0;
2016-10-03 00:00:00;2643981.69;129675.85;800140.82;2341.93;392016.61;860506.87;5620.94;1608000;
2016-10-03 08:00:00;10307400.77;618644.02;7083420.30;46063.07;1156098.98;3371167.53;9782.59;78660000;
2016-10-03 16:00:00;0.00;-1735.97;0.00;0.00;-1161.48;4357.65;1968.32;216780000;
2016-10-04 00:00:00;907770.76;26523.65;436280.01;1504.78;40843.38;72303.64;5690.99;295812000;
2016-10-04 08:00:00;3113113.30;109033.32;1689136.20;7421.89;170581.62;377237.48;9681.65;395604000;
2016-10-04 16:00:00;0.00;-2042.15;0.00;0.00;-1524.85;4746.17;1958.33;223320000;
2016-10-05 00:00:00;2130098.50;92341.81;677555.06;2083.94;261625.56;686013.76;5501.24;309072000;
2016-10-05 08:00:00;9890550.14;559778.64;7288188.36;53237.92;1348719.76;3876606.98;9816.47;389304000;
2016-10-05 16:00:00;0.00;-1906.97;0.00;0.00;-1159.07;3794.94;1865.69;217608000;
2016-10-06 00:00:00;1190715.19;42712.77;588770.67;2191.01;61790.77;121721.54;5577.34;310056000;
2016-10-06 08:00:00;8585652.07;379847.05;5417097.31;35274.13;865822.01;2542709.70;9634.45;403380000;
2016-10-06 16:00:00;0.00;-1704.65;0.00;0.00;-1532.64;4455.34;1826.41;216624000;
2016-10-07 00:00:00;1836031.33;68193.03;658650.49;2573.72;202969.32;468512.23;5657.53;370932000;
2016-10-07 08:00:00;3954041.87;168791.98;2073403.14;8633.94;234130.34;571257.33;9142.76;429972000;
2016-10-07 16:00:00;0.00;-2057.11;0.00;0.00;-1361.57;5555.63;2122.81;231756000;
2016-10-08 00:00:00;1003076.05;35218.11;492049.27;1790.86;48390.41;105096.80;5467.58;212952000;
2016-10-08 08:00:00;9109791.66;426879.23;6631517.89;46159.59;1280892.75;3736776.63;9464.85;207960000;
2016-10-08 16:00:00;0.00;-1721.13;0.00;0.00;-990.81;4385.82;2163.18;220152000;
2016-10-09 00:00:00;354026.95;7426.71;177897.56;543.52;12336.48;20796.27;5364.55;209760000;
2016-10-09 08:00:00;2512123.54;68272.64;1518288.82;9642.26;220268.27;653920.39;9673.65;221016000;
2016-10-09 16:00:00;0.00;-1525.98;0.00;0.00;-1000.01;4546.21;2209.82;221664000;
2016-10-10 00:00:00;659429.20;17387.76;327938.50;1055.47;25171.24;39671.16;5588.72;324372000;
2016-10-10 08:00:00;2952516.50;101441.91;1466672.66;4813.27;132274.89;181185.69;9481.42;416640000;
2016-10-10 16:00:00;0.00;-2037.96;0.00;0.00;-1183.05;4464.42;2253.95;230220000;
2016-10-11 00:00:00;314787.39;5549.14;160094.32;470.06;10133.40;16598.61;5011.05;328236000;
2016-10-11 08:00:00;1773937.32;53339.51;885013.88;3943.90;74751.94;72456.11;9014.39;427284000;
2016-10-11 16:00:00;0.00;-1718.04;0.00;0.00;-1536.48;4041.07;2055.82;233760000;
2016-10-12 00:00:00;409432.62;8660.22;203020.30;953.93;13559.94;6205.34;5140.96;407184000;
2016-10-12 08:00:00;3100232.25;106371.97;1520946.21;7195.82;134053.24;201638.49;9104.22;473088000;
2016-10-12 16:00:00;0.00;-1895.02;0.00;0.00;-997.09;4199.45;1862.02;251136000;
2016-10-13 00:00:00;438751.42;10977.39;220228.61;1015.98;16723.91;23579.35;4965.66;345144000;
2016-10-13 08:00:00;1596217.53;47935.67;798193.09;3635.29;66070.00;82946.73;8910.81;442404000;
2016-10-13 16:00:00;0.00;-1889.02;0.00;0.00;-1164.92;4318.59;1983.05;258780000;
2016-10-14 00:00:00;544647.79;13682.02;271537.91;1267.32;20903.32;29872.07;5260.16;335136000;
2016-10-14 08:00:00;2109003.86;66820.03;1060484.03;4812.35;94026.99;114963.47;8722.77;396216000;
2016-10-14 16:00:00;0.00;-2041.40;0.00;0.00;-1360.19;4500.29;2245.40;241908000;
2016-10-15 00:00:00;225099.10;3563.54;117472.36;526.15;6628.34;13117.98;5238.52;223692000;
2016-10-15 08:00:00;1409432.92;41123.83;716450.93;3237.97;58638.82;72885.65;9049.66;236352000;
2016-10-15 16:00:00;0.00;-1552.22;0.00;0.00;-1170.15;4369.11;2149.06;225252000;
2016-10-16 00:00:00;1367755.78;47137.07;380795.25;1174.81;252591.28;625058.87;5168.79;214260000;
2016-10-16 08:00:00;4089953.64;134493.85;2462856.67;11264.52;334214.77;958431.36;8863.39;232764000;
2016-10-16 16:00:00;0.00;-1711.40;0.00;0.00;-993.95;2957.23;2015.15;224580000;
2016-10-17 00:00:00;605827.97;16371.97;303889.65;1393.70;22855.81;28904.39;5115.36;332400000;
2016-10-17 08:00:00;2095156.98;68542.93;1048808.51;4789.00;90852.35;119668.99;8692.87;426924000;
2016-10-17 16:00:00;0.00;-1514.16;0.00;0.00;-1535.33;3309.10;2263.75;239100000;
2016-10-18 00:00:00;168058.38;1903.53;85301.72;399.05;3609.81;8383.88;4896.00;336552000;
2016-10-18 08:00:00;939827.37;22074.84;471266.23;2132.87;32463.94;46395.02;8622.29;441480000;
2016-10-18 16:00:00;0.00;-1884.85;0.00;0.00;-1352.62;3218.98;2032.71;245784000;
2016-10-19 00:00:00;1178049.66;38539.61;347190.36;1190.06;237808.18;561061.65;5017.34;342720000;
2016-10-19 08:00:00;4538722.88;175912.81;2465026.16;9253.04;378469.01;1261613.21;8779.77;423444000;
2016-10-19 16:00:00;0.00;-2029.78;0.00;0.00;-1166.58;1720.75;2029.84;244872000;
2016-10-20 00:00:00;430762.44;9526.87;215385.71;996.94;15098.91;22665.32;4847.82;336984000;
2016-10-20 08:00:00;2486902.08;84931.60;1231726.72;5665.20;108500.68;160992.95;8814.50;428256000;
2016-10-20 16:00:00;0.00;-1928.07;0.00;0.00;-1172.51;2072.78;2289.61;259944000;
2016-10-21 00:00:00;245583.59;3816.03;122253.74;556.34;6851.49;12208.40;4951.32;346140000;
2016-10-21 08:00:00;1562153.10;45382.17;774445.06;3505.16;63032.30;84323.59;8916.00;398988000;
2016-10-21 16:00:00;0.00;-1886.97;0.00;0.00;-988.57;2353.19;2250.93;240828000;
2016-10-22 00:00:00;197437.40;2303.17;98478.19;455.23;4569.04;9457.54;4724.31;224712000;
2016-10-22 08:00:00;1184657.20;29013.16;587638.79;2655.15;43331.74;59667.44;8359.72;244068000;
2016-10-22 16:00:00;0.00;-1888.88;0.00;0.00;-983.52;1968.41;2168.78;229788000;
2016-10-23 00:00:00;176897.76;1907.60;87753.18;414.00;4246.27;9231.19;4933.99;218148000;
2016-10-23 08:00:00;2215061.80;73328.60;1099620.81;5173.23;129763.14;227821.05;8515.46;225360000;
2016-10-23 16:00:00;0.00;-1876.15;0.00;0.00;-984.16;4140.88;2204.12;226896000;
2016-10-24 00:00:00;650992.11;20813.34;319812.47;1512.25;25601.00;49286.26;4912.77;328260000;
2016-10-24 08:00:00;2491771.01;90941.71;1268990.87;6095.44;128588.33;290001.90;8499.50;454740000;
2016-10-24 16:00:00;0.00;-1514.82;0.00;0.00;-1365.27;3563.38;2250.58;254496000;
2016-10-25 00:00:00;78613.75;-346.39;40525.09;216.15;335.72;7730.45;4819.60;365280000;
2016-10-25 08:00:00;19001.98;-784.87;9752.91;52.40;1863.28;53813.26;8718.90;437916000;
2016-10-25 16:00:00;0.00;-1884.45;0.00;0.00;-1350.71;3595.48;2103.44;254556000;
2016-10-26 00:00:00;0.00;-1396.78;0.00;329.01;-354.78;11926.19;4591.71;341220000;
2016-10-26 08:00:00;0.00;-455.96;0.00;1522.90;13473.57;58698.58;25312.34;429552000;
2016-10-26 16:00:00;0.00;-1880.80;0.00;0.00;-1382.90;3644.14;3130.53;238500000;
2016-10-27 00:00:00;0.00;-1325.55;0.00;123.45;1263.10;10285.01;11840.28;339216000;
2016-10-27 08:00:00;53.16;6.95;464.06;1555.74;27719.67;39659.82;34527.64;432780000;
2016-10-27 16:00:00;0.00;-1896.78;0.00;0.00;-1175.03;4283.28;2661.39;241296000;
2016-10-28 00:00:00;35338.78;-1654.58;17516.05;107.91;-782.32;5554.18;4845.57;390120000;
2016-10-28 08:00:00;390873.48;5974.40;199373.71;932.42;10987.93;11210.96;12820.66;427848000;
2016-10-28 16:00:00;0.00;-1721.11;0.00;0.00;-1538.36;4162.44;3787.09;227232000;
2016-10-29 00:00:00;131322.82;737.74;65889.04;328.84;1710.31;8013.67;8408.52;219684000;
2016-10-29 08:00:00;714120.96;16677.31;362836.25;1616.38;24579.44;31572.00;32161.83;239388000;
2016-10-29 16:00:00;0.00;-2035.94;0.00;0.00;-1160.33;4087.44;2862.73;220668000;
2016-10-30 00:00:00;120855.81;491.80;61947.78;289.74;2204.13;7317.18;7338.08;212712000;
2016-10-30 08:00:00;793708.73;18430.67;405544.05;1804.52;28363.68;34150.80;38151.36;221688000;
2016-10-30 16:00:00;0.00;-1508.94;0.00;0.00;-1166.59;4022.14;3206.45;220932000;
2016-10-31 00:00:00;71373.99;3698.22;93991.07;462.39;6362.96;12620.24;7392.06;298032000;
2016-10-31 08:00:00;828935.55;33172.08;564078.46;2608.99;44531.46;74394.28;7127.25;465828000;
2016-10-31 16:00:00;0.00;-1881.37;0.00;0.00;-1159.78;4211.64;2714.58;245940000;
2016-11-01 00:00:00;208866.59;3281.38;106402.63;490.38;6240.11;12411.27;4851.36;306348000;
2016-11-01 08:00:00;1278607.97;37535.24;636807.43;2943.98;50800.66;68782.58;7777.66;472596000;
2016-11-01 16:00:00;0.00;-1492.05;0.00;0.00;-1168.65;3463.28;2728.13;248292000;
2016-11-02 00:00:00;7042.20;-1361.57;3281.03;36.07;-972.31;11593.00;4341.31;306792000;
2016-11-02 08:00:00;226889.67;3851.63;123305.54;684.84;10816.20;139575.85;7894.02;479664000;
2016-11-02 16:00:00;0.00;-1860.69;0.00;0.00;-960.66;3021.31;2850.17;273108000;
2016-11-03 00:00:00;1049.86;-1487.83;4.17;43.92;3863.12;13409.58;4623.62;318756000;
2016-11-03 08:00:00;43853.53;-434.12;844.39;744.57;74650.19;188318.65;8014.80;482004000;
2016-11-03 16:00:00;0.00;-1475.50;0.00;0.00;-1322.22;3911.28;3065.88;287892000;
2016-11-04 00:00:00;186.94;-1096.54;0.00;39.57;-392.64;6750.06;4933.10;375120000;
2016-11-04 08:00:00;155085.05;692.92;12630.52;2021.80;186421.84;384150.75;8039.41;475056000;
2016-11-04 16:00:00;0.00;-1473.25;0.00;0.00;-964.26;2721.13;2949.29;261540000;
2016-11-05 00:00:00;16.83;-1276.16;0.00;10.61;-853.66;13744.96;4742.95;231600000;
2016-11-05 08:00:00;1932.96;-570.38;224.25;303.94;28364.86;164336.12;8145.70;254040000;
2016-11-05 16:00:00;0.00;-1453.21;0.00;0.00;-959.46;2347.42;2852.82;246804000;
2016-11-06 00:00:00;216.11;-1163.54;13.57;75.41;71034.85;192520.11;5014.89;231876000;
2016-11-06 08:00:00;15367.74;-568.52;1160.62;754.54;179340.56;664437.18;7911.35;256692000;
2016-11-06 16:00:00;0.00;-1459.78;0.00;0.00;-950.18;2581.30;2708.94;244476000;
2016-11-07 00:00:00;19.66;-1236.92;0.00;28.50;1379.68;8459.46;4451.03;316188000;
2016-11-07 08:00:00;322.96;-467.12;0.22;282.59;18352.76;45737.50;7612.65;489396000;
2016-11-07 16:00:00;0.00;-1461.29;0.00;0.00;-959.23;2185.77;2945.69;281784000;
2016-11-08 00:00:00;890.50;-1156.41;0.00;134.53;2143.09;8422.14;4435.88;397008000;
2016-11-08 08:00:00;30775.28;-490.15;382.45;1805.30;47329.09;95966.19;7521.49;530772000;
2016-11-08 16:00:00;0.00;-1472.10;0.00;0.00;-1509.69;2353.19;2904.80;280572000;
2016-11-09 00:00:00;0.00;-1206.42;0.00;0.54;-1177.86;30066.30;4768.76;326268000;
2016-11-09 08:00:00;236.94;-625.10;0.71;126.41;-871.29;195034.30;8023.32;476496000;
2016-11-09 16:00:00;0.00;-1469.58;0.00;0.00;-1502.44;2753.66;3139.62;280320000;
2016-11-10 00:00:00;0.00;-1347.32;0.00;0.00;-1298.22;4532.05;4175.57;322440000;
2016-11-10 08:00:00;5.48;-765.64;0.00;-8.52;-703.21;55676.46;7549.97;482304000;
2016-11-10 16:00:00;0.00;-1446.83;0.00;0.00;-1123.66;2250.20;2905.04;285720000;
2016-11-11 00:00:00;0.00;-1378.25;0.00;8.95;-861.16;62575.39;4604.26;318888000;
2016-11-11 08:00:00;38.72;-940.43;0.00;71.56;39089.54;1082232.03;7733.69;444780000;
2016-11-11 16:00:00;0.00;-1459.13;0.00;0.00;-963.16;881.14;2785.75;273660000;
2016-11-12 00:00:00;0.00;-1447.66;0.00;0.00;-381.70;8482.71;4970.76;243420000;
2016-11-12 08:00:00;0.00;-1189.57;0.00;-9.63;9497.22;69466.63;7969.31;266664000;
2016-11-12 16:00:00;0.00;-1464.80;0.00;0.00;-1347.86;1414.69;3176.06;248340000;
2016-11-13 00:00:00;0.00;-1446.50;0.00;0.00;-567.66;6729.31;4873.84;232332000;
2016-11-13 08:00:00;0.00;-1341.36;0.00;0.00;656.59;28051.34;7911.02;243444000;
2016-11-13 16:00:00;0.00;-1450.57;0.00;0.00;-1311.62;983.10;3084.69;242016000;
2016-11-14 00:00:00;0.00;-1427.67;0.00;0.00;-1127.41;8037.06;4886.94;312528000;
2016-11-14 08:00:00;0.00;-1088.97;0.00;673.34;587.39;87065.99;7712.55;416112000;
2016-11-14 16:00:00;0.00;-1448.93;0.00;0.00;-1325.15;1113.35;2996.23;270420000;
2016-11-15 00:00:00;0.00;-1443.94;0.00;23.43;-1105.67;4131.40;4603.87;382308000;
2016-11-15 08:00:00;0.00;-1365.19;0.00;238.75;-727.25;28530.46;7535.39;506832000;
2016-11-15 16:00:00;0.00;-1446.22;0.00;0.00;-958.11;1621.08;3104.40;268632000;
2016-11-16 00:00:00;0.00;-1453.29;0.00;0.00;-843.67;2419.21;4523.59;315540000;
2016-11-16 08:00:00;0.00;-1437.93;0.00;10.66;3210.48;20740.58;7765.50;478656000;
2016-11-16 16:00:00;0.00;-1453.02;0.00;0.00;-958.84;1708.72;3155.35;267840000;
2016-11-17 00:00:00;0.00;-1431.97;0.00;65.24;-914.62;2621.08;4449.80;316716000;
2016-11-17 08:00:00;0.00;-917.67;0.00;878.60;8688.22;20945.80;7763.73;468960000;
2016-11-17 16:00:00;0.00;-1456.70;0.00;0.00;-1328.28;1729.40;3370.55;266100000;
2016-11-18 00:00:00;7.51;-1264.13;0.00;132.14;-741.52;5715.78;4481.05;316812000;
2016-11-18 08:00:00;5000.92;4377.88;394.49;1281.38;15580.24;43592.53;7655.05;436224000;
2016-11-18 16:00:00;0.00;-1484.93;0.00;0.00;-1134.46;1263.93;3376.20;256632000;
2016-11-19 00:00:00;16174.21;-251.54;26070.74;63.59;490.67;3253.82;4258.50;224868000;
2016-11-19 08:00:00;265537.49;10062.02;242948.84;1174.64;13975.98;33487.12;7864.04;244224000;
2016-11-19 16:00:00;0.00;-1855.30;0.00;0.00;-948.01;1917.98;3353.11;233472000;
2016-11-20 00:00:00;0.00;-1794.18;0.00;0.00;-906.22;2392.97;4193.31;220464000;
2016-11-20 08:00:00;156.60;-1093.23;811.22;345.68;-496.31;60936.88;7873.82;235572000;
2016-11-20 16:00:00;0.00;-1847.32;0.00;0.00;-944.75;1858.73;3252.87;232164000;
2016-11-21 00:00:00;664.34;-1723.93;1938.09;10.31;-956.97;2458.55;4111.57;312996000;
2016-11-21 08:00:00;43447.01;-1427.88;25101.65;169.14;-1121.78;4221.05;7479.32;467256000;
2016-11-21 16:00:00;0.00;-1846.23;0.00;0.00;-1310.80;2086.03;3205.53;255684000;
2016-11-22 00:00:00;5537.48;-1695.73;2266.92;13.09;-1279.00;2657.24;4300.92;307692000;
2016-11-22 08:00:00;178280.34;1110.63;90234.98;467.52;2335.21;5210.96;7369.82;469080000;
2016-11-22 16:00:00;0.00;-1480.45;0.00;0.00;-958.59;2848.00;3330.57;261024000;
2016-11-23 00:00:00;243.51;-1224.19;108.78;2.01;-782.04;3247.76;4034.92;313080000;
2016-11-23 08:00:00;37410.69;-1373.56;17217.01;136.27;-1024.85;4712.99;6861.10;480108000;
2016-11-23 16:00:00;0.00;-1855.21;0.00;0.00;-927.27;2988.35;3322.36;269748000;
2016-11-24 00:00:00;197.20;-1673.40;98.05;2.36;-830.49;3245.15;3681.61;311928000;
2016-11-24 08:00:00;148274.81;575.11;75415.43;395.89;1453.47;5851.63;7599.08;459600000;
2016-11-24 16:00:00;0.00;-1513.61;0.00;0.00;-941.01;2230.09;3176.83;273276000;
2016-11-25 00:00:00;0.00;-1461.99;0.00;0.00;-896.40;3002.32;4500.59;305952000;
2016-11-25 08:00:00;469.38;-770.56;649.80;123.69;-586.66;108161.90;7486.12;433008000;
2016-11-25 16:00:00;0.00;-1487.25;0.00;0.00;-921.76;2331.99;3169.36;264024000;
2016-11-26 00:00:00;0.00;-1482.41;0.00;0.00;-904.92;3618.63;4437.28;228852000;
2016-11-26 08:00:00;0.00;-1258.46;0.00;0.00;-440.88;37829.92;7593.96;242568000;
2016-11-26 16:00:00;0.00;-1479.75;0.00;0.00;-907.95;1733.71;3205.82;236508000;
2016-11-27 00:00:00;0.00;-1421.03;0.00;-0.71;-815.32;2460.06;4278.43;225708000;
2016-11-27 08:00:00;0.00;-797.63;2.74;28.26;878.72;23610.07;7435.55;243108000;
2016-11-27 16:00:00;0.00;-1476.89;0.00;0.00;-922.05;1495.13;3033.12;241728000;
2016-11-28 00:00:00;0.00;-1362.12;0.00;-0.89;-688.50;3618.97;4113.88;315660000;
2016-11-28 08:00:00;0.00;-637.42;77.88;197.11;16903.83;166913.69;7676.30;479076000;
2016-11-28 16:00:00;0.00;-1466.22;0.00;0.00;-1111.18;1529.16;2742.93;275028000;
2016-11-29 00:00:00;0.00;-1356.54;0.00;0.14;5213.89;16516.29;4176.12;322752000;
2016-11-29 08:00:00;0.00;-691.60;537.84;102.11;213819.72;865169.97;7406.70;478584000;
2016-11-29 16:00:00;0.00;-1469.23;0.00;0.00;-1124.77;1680.40;2853.87;276492000;
2016-11-30 00:00:00;0.00;-1462.36;0.00;0.00;-1026.55;2930.84;3941.85;324720000;
2016-11-30 08:00:00;0.00;-1164.54;0.00;0.00;-865.80;40007.42;7519.53;502416000;
2016-11-30 16:00:00;0.00;-1476.65;0.00;0.00;-1505.27;2490.03;3192.80;280692000;
2016-12-01 00:00:00;0.00;-1442.53;0.00;0.00;-1269.00;4057.40;4078.11;380448000;
2016-12-01 08:00:00;0.00;-1026.46;0.00;1.07;274.50;61481.17;7348.63;590904000;
2016-12-01 16:00:00;0.00;-1465.70;0.00;0.00;-1478.08;2388.39;3215.43;274344000;
2016-12-02 00:00:00;0.00;-1450.06;0.00;0.00;-1309.23;2897.75;4076.96;318360000;
2016-12-02 08:00:00;0.00;-1065.68;0.00;-2.17;-767.55;52586.38;7384.73;458400000;
2016-12-02 16:00:00;0.00;-1468.50;0.00;0.00;-1117.30;2549.98;3274.42;269736000;
2016-12-03 00:00:00;0.00;-1460.90;0.00;0.00;-1073.13;3561.04;4114.71;239172000;
2016-12-03 08:00:00;0.00;-1281.66;0.00;0.45;-634.80;79045.51;7478.30;261684000;
2016-12-03 16:00:00;0.00;-1466.16;0.00;0.00;-1099.53;2152.14;3004.89;263712000;
2016-12-04 00:00:00;0.00;-1456.71;0.00;0.00;-1053.76;11912.94;3977.58;238128000;
2016-12-04 08:00:00;0.00;-1270.09;0.00;-14.60;6799.98;759743.62;7252.99;252084000;
2016-12-04 16:00:00;0.00;-1460.55;0.00;0.00;-1469.58;1589.23;3028.85;244404000;
2016-12-05 00:00:00;0.00;-1447.00;0.00;25.03;-1302.48;2467.73;4084.76;295788000;
2016-12-05 08:00:00;0.00;-882.85;8.84;1460.80;24929.71;84477.12;7288.38;430704000;
2016-12-05 16:00:00;0.00;-1469.09;0.00;0.00;-1324.55;2161.02;2923.31;268884000;
2016-12-06 00:00:00;0.00;-1438.27;0.00;86.24;-317.57;7821.42;4222.57;274224000;
2016-12-06 08:00:00;0.00;-966.83;50.82;1054.06;206924.88;674190.39;7468.23;314736000;
2016-12-06 16:00:00;0.00;-1450.78;0.00;0.00;-1302.37;2208.15;2691.56;261768000;
2016-12-07 00:00:00;0.00;-1430.85;0.00;52.58;-1170.82;5117.99;3442.28;323988000;
2016-12-07 08:00:00;0.00;-860.47;5.85;1358.46;29038.18;112061.30;7376.66;648816000;
2016-12-07 16:00:00;0.00;-1454.32;0.00;0.00;-1300.14;3144.95;3043.83;278904000;
2016-12-08 00:00:00;0.00;-1457.92;0.00;0.00;-1176.55;3895.40;4202.05;321768000;
2016-12-08 08:00:00;0.00;-1115.90;0.00;245.61;5288.97;46902.52;7510.45;513780000;
2016-12-08 16:00:00;0.00;-1461.97;0.00;0.00;-1312.05;3341.75;3391.75;293256000;
2016-12-09 00:00:00;0.00;-1451.36;0.00;0.00;-1157.41;3593.28;3860.97;324948000;
2016-12-09 08:00:00;0.00;-980.69;0.00;501.75;16069.55;69107.00;7599.52;439812000;
2016-12-09 16:00:00;0.00;-1449.26;0.00;0.00;-1301.22;2937.89;3037.77;281460000;
2016-12-10 00:00:00;0.00;-1435.23;0.00;14.96;-1153.05;8376.94;4084.05;260376000;
2016-12-10 08:00:00;0.00;-1115.56;29.45;395.15;165302.12;530188.32;7600.23;278652000;
2016-12-10 16:00:00;0.00;-1448.53;0.00;0.00;-1476.79;1766.26;2959.32;279024000;
2016-12-11 00:00:00;0.00;-1442.87;0.00;5.39;-1335.54;2420.59;3864.15;255756000;
2016-12-11 08:00:00;0.00;-1011.83;0.00;397.93;7125.04;46114.06;7354.75;270144000;
2016-12-11 16:00:00;0.00;-1441.06;0.00;0.00;-1477.84;1579.14;2820.96;277584000;
2016-12-12 00:00:00;0.00;-1413.95;0.00;14.95;-1251.88;5942.03;3754.04;337308000;
2016-12-12 08:00:00;0.00;-1068.52;0.00;341.18;4197.19;56947.72;7156.49;502476000;
2016-12-12 16:00:00;0.00;-1448.26;0.00;0.00;-1144.09;2285.89;2854.91;302580000;
2016-12-13 00:00:00;0.00;-1463.03;0.00;0.00;-1018.21;2764.31;3739.69;398760000;
2016-12-13 08:00:00;0.00;-1064.48;0.00;301.15;5588.79;44892.60;7157.80;559932000;
2016-12-13 16:00:00;0.00;-1437.43;0.00;0.00;-1137.62;2322.13;3007.39;296712000;
2016-12-14 00:00:00;0.00;-1435.41;0.00;0.00;-1019.07;2805.26;3796.35;342312000;
2016-12-14 08:00:00;0.00;-1112.97;0.00;200.54;2618.95;42280.28;7439.44;490500000;
2016-12-14 16:00:00;0.00;-1443.74;0.00;0.00;-1127.77;1736.59;3134.65;288108000;
2016-12-15 00:00:00;0.00;-1435.68;0.00;0.00;-1004.81;2100.52;3831.04;330768000;
2016-12-15 08:00:00;0.00;-1250.36;0.00;80.02;-281.03;12303.37;7376.50;491400000;
2016-12-15 16:00:00;0.00;-1443.46;0.00;0.00;-1523.90;1817.65;3203.68;291108000;
2016-12-16 00:00:00;0.00;-1442.90;0.00;0.00;-1371.77;2285.02;4001.49;326592000;
2016-12-16 08:00:00;0.00;-1151.08;0.00;143.72;3994.90;32877.02;7786.69;440868000;
2016-12-16 16:00:00;0.00;-1442.80;0.00;0.00;-1482.33;2383.33;3257.83;272784000;
2016-12-17 00:00:00;0.00;-1445.04;0.00;0.00;-1336.12;3070.32;4340.50;241044000;
2016-12-17 08:00:00;0.00;-1187.90;0.00;117.33;2610.74;27811.76;8041.77;266496000;
2016-12-17 16:00:00;0.00;-1446.65;0.00;0.00;-1474.96;2015.36;3417.85;245820000;
2016-12-18 00:00:00;0.00;-1452.06;0.00;0.00;-1341.75;2402.58;4143.54;233880000;
2016-12-18 08:00:00;0.00;-1189.75;0.00;97.01;1124.97;25796.10;7877.67;241668000;
2016-12-18 16:00:00;0.00;-1444.98;0.00;0.00;-1495.26;2487.72;3408.29;243828000;
2016-12-19 00:00:00;0.00;-1439.09;0.00;0.00;-1358.37;2918.39;3979.71;309552000;
2016-12-19 08:00:00;0.00;-1095.96;0.00;160.16;3197.29;38284.22;7685.29;430176000;
2016-12-19 16:00:00;0.00;-1434.05;0.00;0.00;-1479.76;2073.14;3263.48;253140000;
2016-12-20 00:00:00;0.00;-1440.12;0.00;0.00;-1314.55;2587.00;4031.81;297156000;
2016-12-20 08:00:00;0.00;-1203.54;0.00;128.36;1171.24;9692.94;7596.14;429972000;
2016-12-20 16:00:00;0.00;-1440.83;0.00;0.00;-1123.12;1915.03;3503.14;246732000;
2016-12-21 00:00:00;0.00;-1411.27;0.00;3.44;-996.40;2266.90;4034.98;297996000;
2016-12-21 08:00:00;0.00;-657.72;0.00;525.27;1313.74;9703.49;7979.01;423156000;
2016-12-21 16:00:00;0.00;-1448.07;0.00;0.00;-1126.13;2615.97;3615.75;247188000;
2016-12-22 00:00:00;0.00;-1398.62;0.00;-0.42;-1069.12;2739.04;3618.43;288684000;
2016-12-22 08:00:00;0.00;-373.49;1033.29;231.83;-385.17;6466.31;7542.78;384900000;
2016-12-22 16:00:00;0.00;-1853.91;0.00;0.00;-1478.41;2630.62;3504.98;244188000;
2016-12-23 00:00:00;0.00;-1721.55;6.10;0.49;-1379.33;2734.43;3677.43;263976000;
2016-12-23 08:00:00;0.00;579.58;36692.89;405.21;1695.08;14083.68;7910.78;310452000;
2016-12-23 16:00:00;0.00;-1457.12;0.00;0.00;-1111.99;2568.88;3383.26;227364000;
2016-12-24 00:00:00;0.00;-1344.01;64.98;2.38;-1028.42;2864.85;3786.36;209472000;
2016-12-24 08:00:00;0.00;-1121.87;15004.57;232.27;-1240.29;4749.67;7735.15;213120000;
2016-12-24 16:00:00;0.00;-1492.38;0.00;0.00;-1496.65;2626.48;3414.98;208716000;
2016-12-25 00:00:00;2.17;-1439.42;3280.40;27.54;-1420.67;3440.88;4514.20;206076000;
2016-12-25 08:00:00;25530.55;12614.05;256851.16;1311.19;18012.51;49782.40;7665.26;208800000;
2016-12-25 16:00:00;0.00;-1839.78;0.00;0.00;-1467.33;2510.24;3513.28;206904000;
2016-12-26 00:00:00;8.37;-1738.02;40.15;0.21;-1379.51;2841.30;3967.09;239688000;
2016-12-26 08:00:00;168729.94;4740.22;146547.22;735.03;6829.89;22724.72;7994.01;274152000;
2016-12-26 16:00:00;0.00;-1853.22;0.00;0.00;-1308.83;2609.34;3467.44;221076000;
2016-12-27 00:00:00;0.00;-1702.24;0.00;0.00;-1205.48;2581.79;3367.54;264504000;
2016-12-27 08:00:00;99199.55;2585.19;79987.11;495.79;8342.28;26300.39;30895.31;269388000;
2016-12-27 16:00:00;0.00;-1172.55;0.00;0.00;-436.29;1599.12;3097.26;188760000;
2016-12-28 00:00:00;91.13;-1069.74;141.48;19.89;-483.37;5492.18;4208.30;266364000;
2016-12-28 08:00:00;39027.57;1153.26;57375.62;724.66;12007.10;84943.16;41437.43;328224000;
2016-12-28 16:00:00;0.00;-845.09;0.00;0.00;-745.79;2456.28;3025.97;216276000;
2016-12-29 00:00:00;0.00;-801.20;17.03;3.21;-705.52;2791.20;3560.46;279552000;
2016-12-29 08:00:00;4717.79;-531.13;10893.79;220.88;-596.07;3849.20;6496.96;326124000;
2016-12-29 16:00:00;0.00;-849.50;0.00;0.00;-438.34;2303.58;2699.20;215064000;
2016-12-30 00:00:00;132.36;-781.02;135.96;3.82;-398.84;2403.77;2994.01;272016000;
2016-12-30 08:00:00;79558.95;350.10;66874.08;355.25;1292.16;4154.79;6325.86;317076000;
2016-12-30 16:00:00;0.00;-843.92;0.00;0.00;-437.40;2562.86;2541.97;213624000;
2016-12-31 00:00:00;79.19;-762.62;35.27;-0.86;-389.56;2970.88;3237.67;204900000;
2016-12-31 08:00:00;259991.80;4142.46;135515.42;670.68;5535.40;18045.87;15235.59;209220000;
2016-12-31 16:00:00;0.00;-842.44;0.00;0.00;-737.81;2388.65;2758.90;211284000;
